segment_id,time_to_eruption
1000213997,25909114
100023368,39661810
1000488999,16056290
1001028887,12888460
1001857862,13033500
1003310246,34070696
1003545497,34844052
1004288653,15687754
10044968,842526.5
1005166812,7617452.5
1005502784,32474114
1005767712,22402818
1005985933,17326190
1006013726,17145830
1006026494,5719372.5
1006540019,10952482
1007067208,23715486
1007233480,26362672
100741545,34490870
100781580,10942119
1008031106,44935384
1008453141,6175053
1008467020,23938622
1008990702,26377826
100924436,6123282.5
1009570124,28853350
1010782837,20568566
101092507,1681606.4
1010943716,14380368
1011004896,20662348
101110196,18352756
1011275894,19922022
1013422575,13249446
1013765862,6751331
1014679633,14638490
1016115878,39003816
1016184206,20472514
1017230048,13152026
1017425206,34454836
101767110,26696450
1017793579,11044778
1018339787,7592304
1018415836,18894914
1018835959,12559378
1019822001,25641964
1020904533,51156960
1021766991,35869910
1022303057,30660826
1022564826,8182842
1022792201,48413610
1022920538,1798017.5
102293055,29723642
1023129837,39483640
1023178939,5809166
1024202315,47201070
1025034217,29233726
1025592404,16027140
1026104909,-56161.195
1026215164,15092195
1026330044,21845662
1026893635,36579150
1027015334,27670462
1027196270,14305246
1027492850,14555998
1028291376,3057126.2
1028734549,12709576
1028909050,34619596
1028936480,6000871
1030142029,12559333
1030502977,11907232
1031020617,16254314
1031159375,17140706
1031162177,37188480
103255324,20334160
1033010545,13032753
1033712814,47510652
1034145574,20217926
1034149150,42066796
1034495604,23960742
1034575439,20360438
1034661081,24529822
1036359163,19762576
1036419067,13957623
1037409111,38751340
1037457727,47244210
1037866071,32894296
1037870582,28612978
1038229705,-113169.41
1038561162,21692190
1038795212,46036452
1039022988,18968300
1039467390,25549738
1040926190,35973476
1041238096,12799839
1042404145,36689280
1042683102,28297314
1042872766,10584410
1042966293,33442834
1044132676,38404760
1044145499,31550370
1044572708,24570154
1044918875,33128666
1044919243,12133037
1045961446,6019721.5
1046125885,6854939
1046298092,17497554
1047440176,31760368
1047553323,8928330
1048071171,46393590
1049029417,17485114
1049179883,20274050
1049458669,21621742
1049490456,36270856
1049718151,7188782
10500324,24701826
1051297459,10819476
1051723909,17491388
1052096870,19830390
105231979,19190576
1052598935,15144001
1053288769,32592162
1053506000,8684540
1053709012,13419010
1054155456,5635764
1054183033,-262159.9
1055110288,32042148
1055280734,11048584
1055292020,24535154
105565188,12838226
1055715186,34563490
1056283823,37270656
1057143322,274116.84
1057565195,38906716
1057891675,44542110
1058184184,27282350
1058754098,10422882
1058988926,35873996
1060658700,6677580
1060731119,23835258
1060942736,11976806
1060953646,32077202
1061777512,31761694
1063352576,16356728
1063492083,16631502
1064227773,35330656
1065071029,30848694
1065179054,25742926
106530242,14610916
106558646,3634648
106685184,21122046
1066858964,42590052
106705133,5869323.5
1067398856,3254956.8
1067885278,14511508
1067970,25330386
1068098496,33921116
1068298311,12897356
1068515581,46703430
1069211376,37453824
1071550768,33291278
1071673479,789093.94
1071727846,23202352
1072278088,28828378
1072995306,9618076
1074297431,15020433
1074331622,17443138
107456883,14345790
1074855139,18006506
1075283470,17949546
1075411242,26006126
1075732342,40227000
1076096350,10075928
107666202,38555816
1077472023,32029052
1079683965,7167496
1079951835,12235060
1080323153,22079622
1080844241,42333840
108203668,34111120
108213146,15364415
1082262945,12750572
1082864378,15371977
1083707533,8148275.5
108403661,386044.44
1084397983,28300898
1084431292,35595404
1084581069,18441048
1085038607,6338881
1085084497,48468090
1085229280,16085211
1085510648,49821730
1085881951,14103806
1085882007,40448490
1085910515,21790322
108610409,17229798
1086569026,18193026
1086820883,23714280
1086962283,27782868
1087163936,14500037
108734762,36586036
1087612350,15172594
1087681649,19260494
1088360907,13374352
108885370,6207931.5
1088867007,15480573
1089106361,11188596
1089622428,27323186
1089767427,38758750
108980580,22499672
1091470526,15636746
1091631666,2137672.2
1091745945,3950527.8
1092124990,18280730
1092555354,31079994
109341864,26330940
1094588886,46188150
1094824382,31735900
1095039261,14948046
1095263306,23424442
1096077505,26505876
1096565436,13318438
10968059,46755376
1097472544,43566916
109822679,8447760
1099056611,16688122
1099388776,2268832
1099472249,21069818
1099564840,1629933.4
1100048277,15477560
1100276687,5242256
1100541264,5523195
110077966,30189146
1101672261,36198590
1102273593,38178932
1102402906,12087640
1102541950,17462368
1102809614,13376414
1102814669,36669176
1103082804,36218420
1103286910,23268562
1103368940,28217640
110350278,15736954
1103540935,7326455.5
110368744,5614851
1104014396,173097.58
110406323,42185628
1105331011,43417492
1105982863,12898545
1106241100,17748990
1106563471,25868986
1107289052,33712920
1107461160,29617354
110836519,20241810
1108430240,31691492
110897870,10271144
1110364836,11590974
1111519643,20351104
1112589641,15114418
1112725405,12724636
1114166998,16256303
1115292010,24843794
1116004069,47884204
1116487834,12358552
1117004656,19663708
1117136867,23897106
1117195616,39875040
1117947416,17415720
1118238925,7431700
111846917,46551660
1118482512,7833661
1118815295,16743680
1118878688,4854132
1119261733,17145542
1119530134,35541428
1119629515,14457448
1120000702,16338776
112044852,40924136
1121880142,17427466
1122235886,34897316
1122555066,12078336
1122574109,18618026
1123664964,42979010
1124294151,20120306
1125699550,12355572
1126221533,15286976
1126641381,19667526
1126757306,5116965
1126796520,8346176
1126811259,36764800
1127832368,21058596
1128226922,15856736
1128498225,23820754
1129027163,33636436
1129221340,-83314.84
1130257145,25292338
1130720014,40287276
1131027065,4859674.5
1131427620,41326840
1131523873,41776468
1132295917,12439102
1132486761,29919102
1133082361,10981283
1134509383,19593002
1134521236,49599904
1134779082,13972698
1134883832,31328706
1135419607,9262079
1136836722,13424576
1138013832,13273178
113804746,12469856
1138064736,32871214
1138211675,22432442
1138486916,680352
1138681044,4764152.5
1138720460,24428188
1138882964,15729880
113905839,8383075
1139237569,10026791
1139538400,17746404
113967173,31856910
1140820511,35851140
1140974500,11658250
114150551,12816954
1141520169,2644399.2
1143001734,36816336
1143047042,8896420
1144429601,12006942
1144656675,30389598
1145920557,18790710
1145967559,22516080
1146131621,19024962
1147881605,34367428
1148019708,25734378
1148541354,15525174
1148886023,28876662
115061644,11625795
115078097,21218630
1151049976,17024618
1151284420,14432094
1151324021,11184010
1151780520,46695800
1151992282,28441626
1152013551,14824199
1152212686,10124240
115221470,21504828
1152668140,13724759
1153463658,27181012
1153586106,8097862
1154474865,40052084
1155876159,28096066
1156025460,17597766
1156133043,13851954
1156478311,8457816
1156548075,35561160
1156784512,5880566
1156966312,13393469
1157350549,30021422
1157443909,22227488
1157809969,11011898
1158664242,25390418
1159089979,9370485
1160053013,19022442
1160686668,27084994
1160906376,40431816
1161198334,22476594
1162694155,20937170
1162779364,16416702
116365849,16330372
116412859,14207209
1164570156,46363460
1164715267,47278940
1164876923,10945542
1164894495,19819602
1164972263,10157280
1165406994,13807881
1165584264,42621490
1166172413,209104.25
1166895244,39423696
116714199,49895188
1167639431,10638139
1167794399,20656362
1168308277,49682444
1168445787,12683528
116873459,16989226
116932311,15059634
1169334826,16874052
1169693633,15231410
1169771634,44323480
1170310305,20924418
1170579868,6978143
1170773819,22941876
1172563804,11281093
1173152518,39352650
1173279604,16400310
1173338218,13833439
1173516975,13390942
1174872667,14777780
1175203365,10186960
1175487443,681494.3
1176993573,5604154
1177210685,10693123
1177454800,31127046
117774602,12950800
1177765216,14106426
1178028129,29163458
1178264982,40792824
11785683,42915228
1178816469,24409434
1179315785,15977537
1179497817,45381284
1179944784,24786798
1179960916,25798914
1180454807,37173590
1181120822,15463907
1182519191,23075398
1182614734,10426114
118297093,17381280
1183225535,9907288
1183600513,17925516
1183713026,16723621
1184105273,17365364
1184367501,33809550
1184815546,34066250
1185025081,35959096
1185534283,8435856
1185885556,49907344
1186834536,30030394
1187497833,28864364
1188079800,71600540
1188186067,41593850
1188231063,35269932
1188467144,22071790
1189196490,18773218
1189198101,39710824
1189882633,11642286
1190040870,22072810
1190219966,34766284
1191879879,11658594
1193115461,12077444
1193187793,9536395
1194642850,16059054
1194958720,1755647.5
119542887,17497708
119569312,29702758
1195836508,970321.9
1195892797,21747976
1196305060,697422.7
1196386464,8964220
1196398313,13862792
1196810623,12910690
1196813450,51842240
1197090770,15399978
1197154274,13313378
1197328245,29168794
1197569463,13268133
1198404856,29138276
1199075201,31229042
1199480876,3380251
1200859428,37509416
1201893930,14570290
1201963444,44495670
1202160868,16329124
1202189440,20473646
1202750543,33239168
1202918770,9536663
1202937149,14731662
1203069519,45870556
120316657,39329024
1203373488,15175005
1204016583,30834716
1204128117,8995142
120454717,35232590
1204737237,6318619
1205091053,12943801
1205814686,565703.75
1206024018,16121333
1206424468,25879890
1206756635,710660.25
1208065896,10314565
1208252310,13871248
1208345452,16624790
1208430866,18842246
1208675647,21137626
1208691081,36051050
1208693295,6685482
120889622,34344068
1209606062,17927786
1209790776,31405084
1209871661,15843761
1210342871,2054746.5
1210515418,46138024
1210587430,17624520
121085860,8103761
1211230421,10533640
1212010438,32862802
1212038117,19318458
1212393638,8297348
1212871042,32159530
1213127443,9571372
1213666714,44685624
1213765725,17267142
1214044895,34780270
1214397068,25270544
1214512952,15373520
121475135,16480740
1215991037,5267124
1216072355,41960664
1216317941,15038566
1217410402,9669357
1217791119,8270881
1217958703,14808414
1218603542,36221910
121911992,28741978
1220297658,39201896
122051198,19697136
1220917059,36866268
1221258426,16412216
1221362931,16922358
1221381426,55667544
1221406995,40903908
1221742539,29900498
1222133853,18019018
1222630615,12783216
122338420,2300651.5
1224205322,31413912
1224736611,40003816
1224847193,18377930
1225450532,29116502
1225520998,7358571.5
1225673768,12103064
1225840812,4445155
1226855510,10549546
1227089589,24446692
1227183385,50207490
1227712146,42912056
1227918139,35371028
1228233821,19545002
1228313403,3841404
1229009812,30448348
1229431653,90654160
1229460419,16429979
1229817590,13628685
1230316532,41471480
1230560682,30404112
1230621880,44986424
12309827,17300322
1231226440,11555999
1231697079,41072308
1231863231,11313266
1232186307,8916384
1232310261,41306812
1232747090,18547946
1233060596,10665594
123334209,39951828
1233647449,23214558
1234678578,7814487.5
1234833384,18518362
1235576648,24708016
1236374724,34268560
1237182936,10964704
1237264265,22071082
1237489984,30177848
1237986882,11585772
1238101011,31362458
1238654489,9383988
1239295802,763461.94
1240184920,9210968
1240454739,40184904
1240523415,19388286
124066139,42015130
124328628,22076054
1243449859,12776057
1243513614,33412546
1243704000,26880540
1244408534,9904174
1244455578,27579490
1244480043,41515496
124472978,13095316
1244975691,18227972
1245849000,21360334
1245928502,-71910.7
1246132974,21388990
1246200476,18035482
1246951286,38627220
1247221245,10649209
12479934,24381682
1249055479,5591456
1250068289,41500876
1250716365,4300652
1251107473,11563712
1251617657,10013424
1251709691,23910010
1251949974,14077804
1252094896,11195152
1252411470,24167104
1252611069,22348958
1252816216,35013052
1253194264,10921625
125372216,10610202
1254351455,18696290
1254516631,3293468.5
125491337,39750570
1255059548,43742870
1255398321,19753118
1256099564,29440642
1256445965,24277334
1256468646,39704430
1256728657,2250606.8
1257383754,33572996
1257421212,30657950
1257915194,6237872
1260137433,9663914
1260653598,25202852
1261276830,15426470
1262162310,28565110
126243235,18750570
1262638334,647231.7
126292191,2765432
1263184114,14337115
1263186436,17492238
1263652588,13279560
1264252775,37786560
1264402606,14652253
1264405485,34213650
1265147,51456780
1265410353,15487586
1265787223,16333851
1266205757,15254300
1266853094,22013036
1267527309,38741772
1267843838,21628654
1268690857,36544624
1269542859,25010650
1270927994,16265468
1271131167,17432066
1272815573,520922.75
1273060998,11769706
1274209772,33063576
1274283106,22289926
1274360676,12466776
1274887758,15833570
1275399938,22657834
1275413550,23491498
127549365,8140832
1276338,21568284
127685374,772024.3
1277130036,39938150
1277779429,7732089
1277997835,11249310
1279207185,22012258
1279452497,8628782
1279922883,39968650
1280326574,20064002
1281123698,34759868
1281132907,30616200
1281187412,20231930
1281617406,25665402
1281716818,505499.97
1282090367,11605808
1282708307,32253794
1282984514,43970424
1283139706,14611005
128322819,17934882
1283350450,35884440
1283948299,13694173
128415011,28255300
1284551049,13872823
1284692270,13650732
128473770,4949101.5
128534378,32780246
1285815102,32210646
1287137774,3494689.2
1287599105,18359012
128760129,3084648.5
1288024296,14385792
1288083028,37575664
1288164725,895200.44
1288235950,8716660
1289291739,39220180
1289430353,14582494
1289817070,12722042
1290135368,35441050
129024523,45390150
1290851559,53804260
1291664322,2594544.5
1291843132,6587147
129209722,12897642
1292224522,26798356
1292953870,13409240
1293152996,20003546
1293280118,46095016
12941029,16586975
1294349518,6692026.5
1294404640,16663536
1294425641,23518246
1294498545,17625174
1294967747,36319744
1295122573,19995846
1296026079,22017834
1296158394,32978210
1296378285,19198210
1296616398,16675610
1296705698,13032640
1297979214,39954930
129821472,39298760
1299169709,40686170
1299437625,52034950
1299619501,36565176
1300752555,31150818
1301030900,18058574
1301700701,38312216
1301915877,17684898
1302063280,14434900
130210548,48288280
13022798,9044928
1302388192,10138276
1302631485,35537076
1302863623,15714752
1303008801,33519506
130333675,32810074
1303545427,18286656
1304019786,22401370
1304076841,8989117
1304946705,27791790
1305851255,15869671
1305945063,17067610
1306118272,6256221.5
1306242007,34960996
1307673564,5970653
1308361192,18665954
1308712772,10817878
1308811067,14182296
1308854999,12746728
130896653,15093562
1309569449,13012714
1309590666,37527940
1310168063,12181224
131090356,21014826
1311553769,10082328
1311908023,15494276
1312106331,34005050
1312332530,17285300
1312603078,16523936
1312731404,39390896
1313426874,7088017.5
1314123130,8251227.5
1314512504,30607030
1315244095,35256344
1315470937,7285236
1315982675,33411746
1316186762,16454679
1316204196,16711430
1316609064,14288952
1316644727,9257834
1317306670,23488806
1317882125,20736894
1318012271,37294880
1318147806,11897892
1319168929,5533505
1319689782,6014218.5
1320127499,46028476
1320635088,11794384
1321225096,9191148
1321624749,3581448
1321696706,45209090
1321858818,13686632
1322512722,4644131
132297482,47573572
1323927568,11842940
1324100857,26462750
1324381186,14750412
1325213280,38891156
1325850373,13788547
1326205055,20095418
1327493309,14647194
1327774555,20643060
1328322443,1438035
1328802193,13201946
1329023921,39548900
1329259932,12557907
1329772894,33387914
1330314744,5368449
1330753679,39501480
1331009800,31853936
1331215036,16385502
1331804527,31633478
1332537675,11295676
1333013176,21486168
1333323193,3656137
1333513152,44837324
1333545021,15796973
1333811033,20474546
1333992399,34255656
1334762914,5476300
1335281249,6872079
1335443111,4185432.5
1335544887,10161169
1335592412,1928121.1
1336360883,4886040
1336389594,24474702
1336810376,37570104
1336932904,1512177.5
1337078502,25761022
1337120960,15871862
134044657,22558676
1340521330,35554570
1340593979,38387516
1341207041,14356878
1341714481,33007112
1342868804,20341898
1343063973,12912949
1343502374,17594962
1343567386,11133226
1343811983,15170070
1344008167,34056188
1344448641,20043348
1344586253,34536956
1344716673,3641029
1345065235,35526240
1345245728,826850.56
1345654845,20025610
134590404,18173834
1346237879,36818590
1347503350,7825157
1348208306,21080804
1349180719,30175142
1349669233,27365022
1350435525,14104100
1350879005,33434786
1351186604,22803098
1351632859,37608336
1351904166,5317668
1351961112,10891971
1351998743,14778474
1352181090,18342838
1353473193,11890879
1354044881,3581594
1355862692,10771724
1356007766,17776154
1356168880,10806268
1356327004,40247536
135642091,29160202
1356918776,17026598
135705762,-198085.27
135816064,20235206
1358830044,15103452
1358974205,6849609
1359002610,17367390
1359515169,23127934
1360170550,15996686
1360300646,17353498
1360326854,15773099
1360402311,25132226
1360466594,11910115
1360733521,5802226
1361016026,15970970
136155089,23930562
1362292428,6717738
1362716105,11997206
1362822131,35445748
136297561,18827606
1362989536,16768911
1363462618,25225530
1363565700,12923708
1363797837,994727.6
1364983245,26873098
136533490,25934230
1365951335,27982390
1365998277,14126004
1366879861,1540545.4
13669521,2754814.5
1366978345,10410980
1367860644,31716452
1368305183,10049100
1369498051,14427728
1369759542,2907928.8
1369958580,45371956
1370551843,31037558
1370772080,37844950
1370908966,44214336
1370980885,16278573
137125909,16484549
1371289079,29761050
1371295798,21560410
1372148138,24646030
1372668436,11974948
1372939585,12874051
1373056245,2723107.2
1373412871,23143740
1373525850,1270953.4
1373993427,9096585
1374720335,7778279.5
1375899592,19123706
137703328,18603308
1377072367,5983886
1377245819,318688.38
1378327367,51551584
1378437661,40284110
1378554226,20356918
1378707340,28442782
1379155774,34188550
1379169508,5306483
1379539742,17746590
1379768967,13909050
1379824798,12681188
1380132238,22861892
1380260777,11362892
1380303573,21876002
1380675396,15554276
1381448451,16301322
1381499723,9898246
1381951281,21149760
1382153721,1234966.9
1382419218,37153496
1383201916,19929208
1383490675,24108976
1383643471,35427440
1383916122,40023470
1383943962,21769866
1384017339,38185360
1384184338,15424870
1384490774,4320704
1384646559,42471436
1385238075,2266163.5
1386193754,30438366
1386787318,17609616
1386819002,40049268
1387075985,32040782
1387313935,34409150
1387535498,37833016
1388113614,28907328
1388340073,692908.2
1388664511,8803986
1388805125,37008276
138905402,11022186
139000518,39945536
1390844290,9768746
1391972105,8585329
1392908532,2703302
1393112843,44984332
1393113906,39331680
1393464846,33799256
139364004,30437306
1393977864,36150100
1394501149,6967956.5
1394944877,23320686
1395855517,16182497
1397101285,14719890
1397632023,8234585
1397934669,10279230
1398288110,16491916
1400163337,6749756.5
1401190092,36450548
1401260814,20018678
1401453180,32468676
1401492851,41053820
1402110978,19426718
1402939665,49056816
1403784174,17644046
1403887773,18115018
1404157831,24787102
1404653895,38300800
1404725415,1027654.1
1404894128,3631242.5
1405352188,19917110
1405357357,11752314
1406423940,32039142
1406712191,33415062
1407885779,-103374.59
1408309593,17141752
1408309914,20946350
1408381258,3268023
1408809043,14278554
1409034985,24854302
140908408,21229448
1409352707,28554570
1409795448,8080178.5
1409812663,49231936
1409819982,17302200
1409834623,12063444
1410465004,7150876.5
1410469104,27177056
1410622800,13615472
1411261124,16908834
1411320904,13893696
1413109088,35692216
1414827062,21959858
1415551121,11743800
1415878840,35689696
1415911189,34880972
1415947776,17884864
1415985021,12020945
1416188445,17953636
1417213302,42766120
1418151207,9620809
1418346061,21954022
1418743667,8624429
1419737241,32497402
1420713001,22548450
1420849171,27355030
1421347320,2607267
1421504701,15263761
1422080351,18318716
1422189334,2697518.5
1422990242,27938376
1423045565,28568348
1423495308,34620656
1424594455,18845238
1424878708,33341062
1426139538,18891274
1426419707,10653558
1428366870,35930520
1428421503,13135665
1428678345,13872874
1428779146,39650184
1428927390,2657489.5
1429007187,10366682
1429282372,43261184
142954907,9966406
143054339,14146990
1430680793,47897948
143086312,18085478
1430964180,15360468
1430990548,15383366
1431269886,18782930
1431785815,28656760
143218394,31689750
1432243469,31650976
1432892145,45992344
1432933730,34732150
14329699,13540589
1433376354,49725616
1433691788,42144156
1434403193,424304.25
1434791325,31632624
143490047,75211176
1435121390,36675430
1435328513,9716607
1435630017,14540656
1436142023,19323930
1436482509,944247.1
1436859218,21256702
1438500383,31390052
1438829721,1743022.4
1439043900,25866726
1439119226,14838168
1439182190,4977036
1439521782,10244026
1439676215,24975770
1440669915,9497850
1440786471,22349428
1440793807,36894690
1440936021,7088157
1441087922,23510072
144171772,13433902
1441784238,33995144
1441883863,18134650
1441922145,14716920
1442380919,23012566
1442677643,37321724
1442757180,32278844
1442977400,10658472
1443195965,42886110
1444787435,32439682
1445218225,36075628
14464594,8867522
1446997687,34175624
1447365896,39805944
1449001100,33318280
1449650059,15680750
1449737778,-237630.19
1450458672,38027304
1451467100,8514179
1451735209,34542892
1452361658,35628330
1452379811,13266615
1452861350,37236676
145452470,10428441
1454539032,45655144
1454574812,14277118
1454666803,23897218
1455018552,16205170
1455182484,10733600
145520060,29426674
1455356970,832917.8
145715195,43220270
1458455285,54138976
1458603236,47062696
1458936125,44540670
1459243003,6158310
1459246056,13152976
1460070291,41423160
1460169620,25732990
1460569717,20459456
1461203988,17559492
1461864942,19788964
1462225246,28694438
1462703823,38828656
1462817998,8377973
1463170775,34034732
1463760928,43553250
1464067272,2611043
1464195846,23756584
1464514902,5158464
1464708932,15747424
1465034134,19437454
1465451180,45018916
1465861460,33979400
1466277585,11805516
1466336547,10886752
146639315,36701930
1466475920,20577608
1466552052,11496107
146707180,4078586.8
1467315489,1024585.94
1467504794,34397420
1467774105,6999449
1467926978,17130314
1468498855,19330978
1468756529,12628802
1468837100,12208181
1469204842,11964732
1469397484,28756472
1470490836,41828036
1471965451,12483005
147247985,18680640
1472570933,12166648
1473178642,19495782
1473251410,18999066
1473643009,10312136
1473837408,29372124
1474802,18827158
147575332,34711544
1476140509,38243580
1477932383,34992950
1478935003,4834785
1478952559,10073446
1478980435,34336580
1479056032,32692174
1479278993,17189080
1479662815,5091930
147999969,36126944
1480015090,25786246
148026391,2240620.2
1482745022,37500428
1483015352,21194022
148410925,479637.72
1484715800,41264024
1485059126,38857744
1485202068,30159784
1485243196,19985386
1486005454,9147206
1486161499,30258554
1487039870,34291744
1487875108,33275008
1488207903,21827398
1488818130,13505086
1488897987,27511838
1489045165,8686796
1489524392,16887386
1489736180,21839054
1490288364,15580436
1490288902,9297516
1490625839,21919544
1490651570,14732742
1490897298,30379698
149171657,2212841
1491755263,5840548
1491892661,5274990.5
1492918944,13246304
1493463657,13702674
1493878265,7840346
1494913704,18820234
1494979825,15465637
1495228614,32867606
1496209271,12844823
1496403230,32569050
1496431582,29684460
1496818965,27447428
1497112088,13537202
1497690655,3043335
1497910262,4967795
1498112374,20131490
1498169227,719707.1
1498186855,12218920
1499101002,31139880
1499334485,30262674
1499664523,8489375
1500504787,33717984
150118880,25566282
1501373094,16393782
1501992544,12650423
1502235439,13937900
1502579060,35392252
1502922499,13095141
1503406074,10208646
1503432444,1462429.6
1504136393,40512250
1504335188,10138619
1505394276,20499416
1507234262,13325018
1507486833,17591112
1508068557,33083118
1508148479,12476576
150829925,22544676
1508354345,26587496
1508472508,33461042
1508618122,50023196
1508620001,20789132
1508977923,8009342
150927985,31133422
1510354639,7310015
1510914490,19492556
1510993504,23484256
1511322652,31132730
1511962884,19394624
1512838723,9541797
1512850495,37290350
151287602,5142139.5
1512952666,9592034
1513024405,17250198
1513150371,37567216
1513205058,18006166
1513799265,39366708
1514310552,1288271.6
1515153743,9422957
1515393570,39708996
1515398187,10466912
1515410962,7204819.5
1516521442,20943562
1516995529,26837990
151713753,12151566
1517727396,13906802
151860794,9983343
1518628,14325404
1518950329,15278240
1520168665,6573229
1520337338,34633530
1520411749,7243792.5
1520491105,8278532
1520792821,45539750
1521747050,17142508
1522018871,17723136
1522299531,30377138
1522696687,45227510
1523028462,23266754
1523056472,15628736
1523815176,31874658
1523816365,31534400
1524065031,44757760
1525514359,25592878
1525673866,33741880
1525718774,16906880
1525895247,16721282
1526710922,11513802
1527135891,18837696
1527754900,479059.8
1529987878,7028261
15300104,23432366
1531401673,34661400
1532305303,10589112
1532453604,17171400
1532574065,25556164
1532618037,28202998
1533170890,25955086
1535753001,2049583.8
1536013291,25549210
1536554162,32122344
153701520,11181018
1537295793,22930586
1537612792,5028465
1538419481,12993420
1538735914,36510936
1538838475,16926300
1539063785,14533776
1539077803,33625350
1539121708,41255136
1539317937,34899670
15394025,21134330
1540321364,3476196.5
1541403568,34369510
1541594952,53072064
154166047,32404982
1542174621,22691490
1542688402,42775870
1542854880,32128588
1543187222,3924684
1543337964,45344290
1544649896,23194048
1545376775,2676057.5
1545502551,208213.44
1545726270,9795424
1546030151,42254136
1546335052,8140590.5
1546987078,38620256
1547132498,17874554
1547383980,16649068
1548275506,22217752
1548384292,46065464
1548807993,18736990
1549569005,22542416
1549752262,15548308
1549969321,24978608
1550073112,2546428.5
15501420,14922840
1550321694,26363302
1550488966,9023807
1551124200,10511826
1551955168,39437704
1554262431,29417786
1555003570,3478532.5
1555358776,26871030
155607716,41395080
1556749829,24491126
1558011585,42814960
1558111862,8946204
1558388215,7389055.5
1559382509,1487702.4
1560371932,9267466
1560596813,21193236
1560979740,-99108.77
1561964580,3823331
1562930353,13344822
1563551205,2320091.5
1564077863,14580430
1564610733,23045394
1564773163,749250.2
1565659681,20833836
1565917267,38555344
1566091785,37835150
156617626,21385632
1567215159,33011670
1567240868,11150600
1567987915,27703602
156923482,6828947
1569292827,11782278
1569586027,56077030
1570294420,18077226
1570996551,9355036
1571629834,27876454
1571989859,43994750
1572077556,32262148
1572313523,18757638
1573265064,21655366
1574093529,159510.95
1574658840,11713349
1575193398,17155026
1575699398,2403557
1575838105,21744528
1575878213,8136232
1576075401,25009622
1576476901,19100190
1576583373,32523800
1577081676,24272284
1577342554,28038262
1577749325,15190162
1578003606,34364960
1578058220,5320171
1578211263,48826336
1578389721,13480264
1580349042,20511286
1581008259,13045539
1581277867,26469638
1581661244,16445310
1581911837,46348348
1582641302,14677087
1583049009,929411.94
1583469297,4838927
1583575125,14115743
1584275682,8222933
1584525412,10125988
1585175837,7418781.5
158600441,45337024
1586020132,32013772
1588262518,11188457
1588391099,24713852
1588680127,28684682
1589054049,33106164
1589504167,34212396
1589536656,8206348
1589815086,9258390
1589818388,7787233
1590107406,24468150
1590896438,14389148
1591270263,17183618
1591896245,17637510
1592028463,17061414
1592142915,32422568
1593073950,40121030
1593670014,20679698
1594680718,34760780
1596032191,47773470
1596975846,25562030
1597037969,18067158
159728104,10097144
1597972696,25335038
1598413478,16156986
1598640111,18951594
1599199896,26915082
1599535626,7691375
1600289088,45772930
1600786919,18687754
1601182773,6196836
1601435645,41431180
1602223918,15963721
1602905225,4524571
160304623,37401640
1603564643,894137.4
1604075745,14287246
1604682698,5145825
1604827486,1458001.4
1604997608,2666684.2
1605583525,6245178
16056728,17787886
1606256479,25097940
1606735239,13652132
1607839214,693475.06
1608162606,31738292
1608936559,39400724
1609335109,26463562
1609533346,42575930
1610679388,4411725.5
1611086980,8623383
1611412719,22292710
1611903434,39684264
1612001071,30455244
1612378786,3331610.2
1614449749,13726292
1615434918,42186630
1615579402,6970111
161634165,1193009.6
1617349975,28219398
1617513368,44517164
1618392128,28245566
1618625554,38174520
1618925523,40676708
1619163114,16923322
1619221407,17051916
1619860105,35425092
1619916038,12849168
1620285867,9558648
1620428700,5922615
1620546331,52271240
162074135,12014891
1620780544,21039422
1621385832,14238385
1621723918,37822544
1623317210,32937702
1623442846,28348336
1623956255,6615313.5
1623999136,36084684
1624345201,30370902
1624372288,13500861
162470245,13134930
162473826,27985204
1624946114,24745876
1625034248,17110426
162519695,28508342
1625745624,17304830
1626202772,3965740
1626915631,18123862
1627335941,32622038
1628179902,7854242
1628229717,24737694
1628413179,17856526
1629408654,22602404
1629483578,9703298
1629630320,13839778
1629689447,4586143
1629811500,15378308
1630776219,31897172
1631086595,1657417.4
1631468294,14000184
1631711806,38067056
1632100990,29643206
1634285282,30007926
1634326347,23647060
1634360802,10112755
1634424569,26131710
1634480723,23297974
163451209,40231296
163476947,32557198
1635784610,20473878
1636010620,12284267
1636236422,6866528
1636839556,13548203
1637566181,12624694
1639452758,2660582.2
1639567332,3295961
1639902716,19464156
1640268888,20295710
1641830703,360737.4
1641954963,18915350
1643809761,36822936
1644590740,6625509.5
1644658450,28863622
164485476,13128730
1644902098,15925611
1645190894,2414702.2
1645642446,21099018
1646024876,17612874
1646955799,17502552
164704160,8793994
1647300577,18117640
1648296438,29720546
1648696068,9997582
1648788779,16858894
1648850145,15528665
1648874386,8519117
1649389583,22751870
1649578950,31260850
1649903157,28950718
1651389423,337030.94
1651583380,10731245
1651774395,40723770
1652980170,36254600
1653291955,19937278
1654870677,44814420
1655275723,22517938
1655348994,2303120.2
1655475911,16552676
1656259852,23217770
1656399146,6205614
1656925167,33330930
1657320721,14009008
1657929016,13927858
1657968878,33907216
1658078764,35632120
1658184508,30266900
1658596830,11735455
1659335465,16321342
1659962584,32257598
1660244527,17879386
166025874,30039286
1660602691,11648250
1660661980,41985764
1660799803,48741184
1661154530,29056322
1661430557,21578910
1661524777,-238385.56
1661526202,9740426
1661638929,17889342
1661763697,29417144
1662173870,37909772
1662268738,39903028
1662687419,25358614
166359850,3353177.8
1663794609,14584054
1664392747,11354425
1665260315,23357070
1665388352,18995718
1665430610,6296267.5
1665520868,11442210
1666964510,49380190
1667198396,8434578
1668010195,27142216
1668145206,37117760
1670185458,10024440
1671252065,37781044
1671609576,21994334
1672768888,43831756
1673268347,30794412
1673625048,10221086
1674295644,13154658
1675650279,10417158
1676614556,37423824
167710205,30460890
16772170,28126338
1677283833,6722171.5
1677800417,23046902
167894616,20442946
1679874568,8936885
1680042910,35696920
1680431277,35030560
168061802,16740729
1681004836,6716939
1681182451,28649522
1681527450,12926448
1681633280,33403686
1682023828,1.935957
1682147975,15163022
1682484424,44261996
1682593981,15621652
1683132366,35980240
1683302272,20972554
1683825449,453219.47
1684089827,50972584
168418573,10150098
1684326948,29932752
1684933908,20480206
1685019931,11894778
1685242429,45411076
1686360114,12741010
1686946930,13444685
1687509482,13018756
168767737,50348144
1689485714,2048244.5
168971389,17775772
1690036617,12858057
1690103774,11195162
1690638243,3049706.5
1691469020,31291906
1692142371,24732642
1693072720,47919308
1693143731,32052094
169373282,41762348
1693921711,12489541
1694030992,16094623
1694575431,8999340
1695242036,26541946
1695279540,8943815
1695338074,10520510
1695946599,8508056
1696258620,21438910
1696996524,18665542
1697079567,12594482
1697222465,5698256.5
1697657827,3721343.2
1697785095,42637536
169780169,14125154
1698542566,27479254
1699141889,15036016
1699258551,23088750
1699600971,106458000
1699815038,20644932
1699926293,11578683
1699985892,23612148
1700066296,9304784
1700782638,31613026
1701344440,48886716
170141525,21615990
170304451,16002458
170324231,18625870
1703389207,29014496
1703579897,7954452
1703761748,13530434
1705645428,32126314
1706108287,26130190
170636008,20665898
1706429174,33590616
1706429422,3152397
1706528456,21438048
1706713696,10886502
1706899314,29215150
1707876109,10326096
1708616629,9705040
171128613,18496088
1711387065,17473810
1711679486,20358266
1712287962,9978775
1713060234,22195776
1713718675,69458640
1715044834,25783646
1715364070,42182800
1715364074,22953274
1715443472,13156750
1715557437,12624144
1715687089,16577225
1715793101,2944292.5
1716034916,22890358
1716347823,41467640
1716526774,18493240
1716645489,12618534
1716969091,50321784
1717221114,12570557
171737219,13339684
1717415379,5874724.5
1717484811,14146722
1717798416,41292256
171810378,18133498
1719235086,43403544
1719245626,5778950.5
1719433737,5741695
1719597797,36622340
1719726780,29755442
1720208457,23177986
1720253120,31188766
1720293161,38788290
1720454415,40381484
1720670372,39760900
1720735340,19969606
172079595,12855788
1721503729,23204868
172176256,21756810
1721991763,22605348
1722509757,15449168
1722759514,10541706
1723032775,18664974
1723087216,22633622
1723127195,36479924
1723316358,19716834
1723515721,22743902
1723732316,9576469
1723776969,2643293.2
1724289263,24448358
1724299406,13185679
1726121040,5147740
1726323286,36564370
1726812579,27736802
1727827807,20646440
1728660440,5344233
1729926080,9348325
1731066898,26070214
1731714122,38099652
1732695189,5873618
1733209033,22626028
1733596939,7416039
1733612481,18563150
1733911532,12846254
1734295674,39962050
1735813288,23706890
1735819387,8873226
173596008,13021670
1736527312,47997816
1736532886,12545608
1736854089,3907844.8
1736887256,11335406
173709392,27803842
1737668345,-235078.22
1738403576,28135922
1738764422,4778824.5
1739802388,14670914
1740328011,18880498
1740823378,44839564
1741209207,22649490
1741955384,20279506
1743369462,41949190
1743489729,44992076
1743555255,43267108
1743644366,11024708
1744142334,19502070
174440162,8474481
1744568592,26884580
1745740570,40778184
174632671,41121616
1746627122,3319491.8
174665938,38649730
1747740263,26834954
1747934768,16881480
1748740759,12820762
1748860795,38323384
1748955950,40125664
1749512862,31669048
1749998093,9765218
1750605999,16115643
1750651686,13751822
1750993698,2187050.5
1751148179,38321096
1751474541,12773067
1751562628,19085700
1751929672,6091704
175210054,36363290
1752203871,3555073
1752478532,572025.4
1753268302,21159102
1754092095,15024538
175496162,27110760
1755540451,18433358
1755887993,23000494
1755961125,23864902
1756609825,5282199
1756765333,9376191
175688626,29504220
1757430442,13454774
1757773372,7016150.5
1757905171,25411010
1757957502,43921092
1757976565,12922076
1758074328,19933798
1758611649,24038948
1759099392,36282252
1759406556,37413830
1759818483,39668120
1760522040,26014662
1760560295,22822150
1760782229,16722526
1761888205,18726482
176208627,23290680
1762452214,34111784
1762520288,47414548
1762800686,17342474
1763620369,20902538
1763883518,27713958
1764135151,23472226
1764657278,25261396
1765523027,35273690
1765653499,40006810
176610965,11405392
1766443401,15957702
1766534340,35216884
1767292193,9721108
1767607190,24839030
1767609008,25705358
1768119102,12948932
1768985902,8898965
1769065012,9747604
1769298661,72101330
1769476908,25560014
1769603534,15435903
1769646417,1664600.6
1769799537,24111258
1770019322,6996451
1770106786,18096810
177172682,37461420
1772505459,20979576
1773683784,30071688
1773949014,5846882
1774723599,31333686
1775136122,10260952
177550234,30400624
1775647481,28378170
1775801651,-15557.525
1775813844,6482552
1776451314,569477.56
1776691317,12200098
1776713737,13283480
1777396091,54556964
1779391530,9845569
1779689959,19557268
1780386598,24057956
1781467903,44487336
1781550495,3278358
1781647655,17101792
1781778742,32417322
1782053877,46664064
1782769219,11399630
1783227362,27867394
178388505,15078654
1783998777,24868182
1784654137,7896569.5
1785316234,25289010
1786190716,37794710
1786373879,22687338
1786546007,28339458
1787166170,11251528
1788115924,37847936
1788257639,18380358
1788393935,913655.7
1788462973,30298978
1788475055,29629906
1789035596,15061666
1789379263,19439074
1789674628,9797876
1790237967,9625926
179172057,17212994
1791796685,7233796
1791813636,39645350
1791845986,42482850
1792156909,8889737
1792246519,10066492
1792578983,30017442
179274595,33461036
1793124953,1423585.5
1793159751,29663124
1793898002,41197840
1794463173,19481890
1794819627,34351544
1794934646,35420610
1795292478,14915130
1795338519,15436044
179557243,28402450
1795671462,22776422
1795904391,6766529.5
179602059,11566276
1796325099,14384430
1796633847,15350882
1797486117,15974359
1797680186,15091656
179779377,13304055
1798318472,31578508
1798616699,17419742
1798763550,42165108
1799121124,17151466
1799317581,3672428.5
1799700929,14353526
1800167155,33177620
1800755038,11340544
1801472008,19066116
1802083169,7126251
1803024456,19743232
1803649716,10450410
1804722097,13859217
1805163148,7579817.5
180533806,14559768
1806062532,9116724
1806978810,22112650
1807322886,17168492
180780074,31425178
1808333342,23407890
1808636333,19776888
1809434679,5362195
1809643885,11422307
1810181081,43695950
181020879,36403590
1810569276,3152606.8
1811138058,40371104
1811447173,18354764
1811597681,24837708
1811799403,8840906
1812243383,17968654
1812530029,30999106
18127665,23294694
1812973892,7245112.5
1813996452,4948291
1814163394,42215410
1814395807,14682502
1814422403,20400920
1815679485,23546614
1815898226,41430910
1816130376,17496856
181652593,8339110
1816632503,14159263
1817132723,14090336
1817257889,12066412
1818084116,8154718
1818783494,23946900
1819063548,15045557
1819304269,9652875
1820656773,20406112
1821157338,13100213
182217869,1070671.1
1823143377,15225218
1824108386,17713268
1824522400,31745668
1824572000,31105662
1824945831,40194610
18251110,20624842
1825538395,18381270
182597807,14221850
1826374500,33566100
182643837,17157770
1826449212,26109410
1826501432,13402632
1826711868,17250926
1828778344,19021954
1828920318,24848578
1829212447,37061170
1829317537,27544674
1830620007,8976520
1831234213,36161690
1831669972,24043008
1831684091,3207396
1831908817,33415890
1832071910,15307103
1832091009,13952962
1832426496,25878758
1833056456,14051886
1834871313,50097492
1835005464,39072864
1835067453,45193790
1835099392,4821934
1835455190,8108892.5
1835564874,14995070
1835654817,4786151.5
1836284955,24061798
1836428949,7885466
1836595133,10471122
1837119233,34863020
1838224308,2571772
1838686470,1640061.8
1838711796,1745583.2
1839299575,8148677.5
1839726831,5655520
1839790504,15128255
184072039,620916.44
1841216352,89763.69
1841261584,16821002
1841507406,10502146
1841591861,36072724
1842229161,12889772
1843093978,10139328
1843142280,37047420
1843620759,15724486
1843632563,22451602
1843833141,34148424
1844551215,26325354
1844739598,14550016
1845121712,32001698
1845769876,7247391
1846684619,13445154
1846840995,12300219
1847968967,10322304
1849119005,11396245
1849317504,14150406
1850082750,46173144
1850210479,24010662
1850591968,27716268
1851032672,18111218
1851161121,5054856
1851390140,18108282
1851898052,21341710
1852767260,18126198
1853223684,891060.1
1853276328,31897742
1853859222,16117400
1854335056,7152239
1854574855,26266546
1854887250,14213290
1855064415,42856730
1855661855,8642310
185567792,6419830
1855826168,10265650
1855935175,12943522
1856167517,6371384.5
1856417656,33064926
18571830,11617227
1857763337,32544226
1858289655,22226320
1859064021,17666586
1859988202,33411184
1860710944,6077023
1861285891,6865241.5
1861660050,17179716
1862166743,13510495
1862271399,33704960
1862435137,4162767.5
1863453539,8335924.5
1863501017,38841680
1863760997,6926765.5
1864620519,36084020
18648159,2310461.5
1865504994,1045417.75
1865633574,11784994
1865737747,7649396
18657417,14321528
1865843606,11092412
1865913355,49821170
1866698002,16446310
1867486262,23239222
1867686081,7442066.5
1868044102,11461320
1868055015,35049556
1868929278,20186354
1870037465,30909460
1870454237,39600330
1870701794,22798082
1871043808,43638776
1871191112,18729430
1871968542,30723646
1872192743,16134536
1872198951,12932521
1872225344,20305750
1872804096,31479386
1873270781,7458320
1874004596,1800739.9
1875657758,36643896
1876671297,8510418
1876949337,12300022
1878582672,22490750
1878733954,24272566
1878896337,30734538
1878955525,12094204
1878970870,23579494
1879087982,18062630
1879296448,20286528
1880040804,20360906
1880204801,45876584
1880398218,2097719.8
1880583834,38708590
1880939208,23170126
1881764531,10199163
1882712565,29474602
188273373,18069806
1882911072,20012834
1882922899,26308862
1883441517,29987330
1884723388,10432735
1884798253,8696510
1884830819,16281214
1885439679,11657448
1886082746,10300307
1886132728,34438010
1886518658,34334510
1886807659,17979368
188702805,16146972
1889513659,9784884
1890758946,8364398
1891060441,14249806
1891540960,32776458
189170487,4305689.5
1892420880,16974610
1892458643,10768357
1892613199,23875214
1893038040,19028582
1893068646,14821818
1894753062,625935.6
1895468753,27983248
1896442715,21887020
1897667816,38065070
1897950727,15084498
1898096379,22409950
1898489833,10827210
1898739617,17962494
1899472468,33420238
1899800878,5429088
1901160328,40890320
1901341944,21754988
1901451204,35927972
1901468420,6997473
1901510262,11425628
1902781091,8800514
1903117847,30728804
1903754009,11131698
1903980729,35445776
1904636663,203658.28
1905116359,28137656
1905595447,13040612
1905774586,15471640
1905853958,38445750
1906018481,6777488
1906047568,25417878
1906128718,10965984
1906382584,33841864
190677969,24067474
1907774691,36780590
190780422,40024050
1909294870,37420544
1909648876,29946436
1910060762,54033508
1910316118,25137484
1914551582,2504592
1915120001,16582484
19158067,28730370
191585691,42179776
1916098264,15527534
1916256571,1627865.9
1916359061,37109076
1916369926,12336143
1917116333,42753590
1917179195,43022840
1917587480,20946734
191762753,33613544
1918223103,30474096
1918985323,18670338
1919474054,12252736
1919798312,9109874
1920366592,20421178
1921190791,40482750
1921235346,8860745
1921309861,7546707.5
192155472,7695062
1922746186,1283894.9
1922928795,35702184
192314279,33821990
192366411,33671850
1923797563,25689318
1924495284,16447609
1924743413,29972788
1924922539,6888051
1925239253,17378320
1925624997,34738800
1925715598,37450560
1926320424,8125729.5
1926480333,21313442
1927139239,43309170
192728586,13742905
192793377,30588926
1928407573,49484360
1928431667,12521396
1929164473,34150096
1929846898,32390034
19300115,29584410
1930072891,29554880
1930350882,15479686
1930910492,36956576
1931003368,5132787
1931054738,42938330
193133108,34155376
1932085211,11693138
1932357263,9767631
1932507138,19598236
1932557349,13246564
1933620335,17512150
1934275056,12349070
1934424239,9310267
1934879177,17381144
1935350799,46028210
1935360274,13584603
1935843871,40832490
1935868295,29450022
1935914168,-180866.12
1936195722,14899754
1936300233,34714170
1937030026,43267060
1937446779,13498666
1937507851,37360556
1937614327,16468712
193843079,39089076
1938733247,28954758
1938936784,41227856
1939361933,26774534
1940128942,11083357
1940173727,14910082
1941149175,30337686
1941203214,24586394
1941854038,39479376
1942313227,6557945
1944222041,45976212
1944298104,7005120
1944510494,25371834
1944643290,13482151
1944707401,18202314
1945751257,4260386
1945820116,37914120
1945849426,19149728
194733581,14418078
1947346004,18049334
1947956760,6681996
1948750016,16947566
194876550,15210192
1948972482,34097244
1949686553,44436456
1950701043,12735106
1951039615,-114176.164
195176937,9085976
1952535138,35157220
1952582653,28744186
1952721373,42869944
1952931081,38708868
1953138312,33051164
1953257627,29861576
1953598276,36541096
1954821193,1820107
1955490899,6322292
1955779485,11040418
1955898931,27365962
1957001722,6574694
1958783411,559216.94
1958975304,50228000
1959174388,8813220
1959562653,48388710
1959656681,11665728
1960821874,25081282
1960993069,1631010.4
1961015312,12769600
1961054869,7033017.5
1961242037,52429376
1961478761,17915026
1962871620,42985880
1964341024,74243360
1964644389,34993264
1964692006,21590678
1965617534,18564594
1965958838,21516878
1966128483,39429310
1966946877,18016830
1967058693,13491202
1967517664,330848.03
1967519993,23135224
1968247852,41968944
1968266635,24009772
1968452436,3881680
1968548956,25418986
1968713287,15506156
1968875409,40918940
1968971812,23281822
1969603655,29677446
1971078859,4940249
1971246791,21645566
1971921824,19997546
1972142054,53344456
1973374818,4766057
1974334562,20087446
1974801335,42559120
1974954382,35000850
1975499650,20536494
1976221589,36308988
1976318031,12917690
1976397923,28782746
1976411609,5209439.5
1976874664,2317920
1976898008,10795907
1977710580,5443961.5
1978175507,5307370
1978423282,16692733
1978782208,36833320
1978937101,33985690
1979414645,32817450
1979433271,9693305
1979650817,17217434
1980354448,12444206
1980852920,8560573
1980987289,12571764
1981376709,14875382
1981786043,20128612
1982000617,24411978
1982411840,42261196
1982481899,44504510
1982713983,1527372.4
1982715643,21356562
1983225223,16257891
1985303186,50666016
1985678764,23820070
1985693390,36719456
198638893,8341195.5
1986575526,17876856
198682017,25532262
1986989682,23621702
1987113732,14799928
1987229111,22681962
1987249545,34349624
198867973,40221812
1988880787,48562670
1989256535,2782340
1989353125,13502893
1990182822,17083994
1990497735,13469550
1990609571,19347298
1990820295,16953790
1992266152,16590644
1993266310,1378450.6
1993943486,17439406
1994199906,27335302
1994642240,19356016
1995347945,38463990
1995599794,32562178
199582827,8952530
1997083621,25284996
1997323827,22516366
1997580295,508903.44
1997833316,30694528
1998334245,16562265
1998406927,40297904
1998574146,6689551.5
1999069755,7466370
1999102785,39583572
1999108551,16032687
1999394129,33742204
2000907542,37050230
2001017606,18384560
2001460750,29550846
200158446,8488798
2002669790,18260738
2002725107,26309588
2003083584,38086276
200379470,53104140
2003893450,28191670
2004361641,24136538
2004595262,-156881.67
2004651893,7209790.5
2004887431,22563094
2004954966,9305326
2005353626,26113454
2005425916,30579996
200552542,30396148
2005741062,14042854
2005994164,35148836
2006751190,13729122
2007113614,9101716
2007711771,20478190
200821018,10355608
2008705973,38554436
2008784978,9270611
2009441891,17998998
2010134997,12221319
2011752968,17757216
2012596362,11605974
2013016800,6071195.5
2013881454,9246936
2016157485,22533300
2016386189,12583155
2016414965,26684630
2016558091,32525424
2016646743,8756896
2017959345,46845430
2018075399,41842160
2018282296,25784834
2019811608,27891334
2020513924,2295588.8
2021536071,1044821.2
2022319185,15046472
2022459192,41956990
2022788411,9484399
2023822472,9874580
2024224666,18659242
2024244514,23257330
2025656749,15649116
2025696150,9470194
2027287755,23973226
2027331652,41114390
2027734887,16078520
2028882784,588624.56
2028902471,12912022
2029017299,13022437
2029088665,24967776
2029227684,15667124
20299536,9694693
2030007913,20733394
2030187994,16006700
2031010417,19471020
2031230651,8992404
2031983776,28970590
2032023904,20416330
2032702391,16681496
2032750328,13083148
2032937707,23820544
2033966709,13020632
2035164017,34961950
2035757010,19308438
2035942736,21515494
2036013773,10044382
2036127405,2962742
2036305444,30364494
2036676417,7672633
2036796483,16010524
2037493679,10651758
203851739,30788586
2038770854,31429962
2038968981,11527292
2039291759,24540294
204024042,40183456
2040453791,4113381
204093228,2007901
2041632201,49686270
2041775030,38205148
2041930867,12285458
204307461,52280120
2043659895,29097908
2044398089,46750984
2044671025,32667128
2044757067,11231743
2045714087,15855172
2045964904,15916026
2047074908,24001486
2047191062,15695455
2047270271,16921176
2048021885,13666498
2048286171,46124730
2048730277,7183883
2048913738,8568696
2050668718,12341506
205084535,14580630
2050966683,2012809.1
2051308303,33195142
2051518722,9192117
2051598941,18948930
2051607850,18516928
2052139341,31961754
2052538731,11045234
2052946195,36285464
2053110098,18888604
2053632090,49346040
2053812393,24264358
20563182,30171850
2056671932,16762822
2057052426,9073854
2057869390,10285415
2058123042,1780017.9
2058169074,8974953
2059121348,39994412
2060217906,10740524
2060547770,18282052
206114058,36450776
2061228835,12871587
2061618436,29632814
2062250977,13629899
2062988165,43913652
2063146040,38397788
2063861368,18178458
2065079405,31832578
2065521590,3082157.8
2065597796,37895896
2065653890,34978064
2066915886,44159430
2068030821,24128000
2068848666,33600676
2069031822,1959996.8
2069090926,33647304
2069307715,5701982
2069559649,15476720
2070104123,15910898
2071148695,11984008
2071458107,11807643
2071870327,38953240
2072921427,7600499
2073110408,12572427
2073538897,20751098
2073971579,42203544
2074034074,29611066
2074392832,34006710
2075525081,13298334
207595769,7222513
2076133881,12608269
2076290808,26333110
2076549061,44476240
2077216136,27132778
2077509445,14626549
2077949382,6704031
2078036577,2537434
2078043176,12382099
2078428453,10907831
20800206,6434528
2080279159,2225856.5
2080997818,26901730
2082428029,16530266
2082914130,29960938
2083322756,11713259
2083987400,16638398
2084403564,16345392
2084710025,33792532
2085037926,17143138
2085313955,16717481
2086986037,12523774
2087122112,6568483
2087128303,12572250
2087137021,25709630
2087503629,10138125
2087820569,39500972
208932047,38855020
2089427669,23866834
2089933825,28590688
2089978295,17465674
2090283127,31314742
2091187701,7943989
2092330285,33347742
2093148520,43590000
2093163016,17253670
2093229209,8417062
2093261710,9203506
209390995,14286718
209395286,5619527
2094532002,10402437
2094878137,43770656
209605935,16848414
2096410643,17563314
2096934133,16504783
2097363955,1871898.6
2097399815,28735838
2097946538,12280336
2098049448,31380574
2098427799,15922462
2098480389,5971961.5
209889369,29439986
209903743,31388974
2099111512,15344936
2099188181,7011200.5
2100672087,14810510
2102146521,31342610
2102336886,13343090
2103302405,36243590
2103592881,12784232
2103795419,9172898
2103910969,10792554
2104068675,10391570
2104667466,14325838
2105035561,43489996
2105166580,3254837
210552520,24827730
2105636637,6054854
2106131599,15578894
210685172,6104323.5
2106914826,16010740
2107604690,30160966
2108323402,25533568
2108839581,9271592
2109432804,12966437
2109873524,15210308
2112104574,832848
2112712671,9694988
2112746396,21361458
2112945760,38394736
2113185923,12395616
2113344113,21249362
2113400099,13577470
2113499371,28769906
2114226154,-100028.164
2114282803,10251222
2115123079,26779026
2115485339,32253266
2115694605,10545014
2117536679,20711356
2117869880,9449318
2118235342,13726741
2118374163,22546682
2118470487,35419056
211924631,38237796
2119734908,17244906
2119844876,11374356
2119870594,42647976
2120208059,34329044
2120275547,36716076
2120732368,437290.16
2121286737,15437668
2121436684,4738123.5
2122113374,14766548
2122203860,13556546
2123713653,24795278
2124051187,16599670
2124411076,9864247
2124648555,21552142
2125347371,9472116
2126797141,19943888
2127289872,10162822
212785561,-36831.844
2128229102,30084250
2128285437,10001762
2128778403,41513612
2128830140,5616329
2129125521,33742830
2129284755,3212796
2129502665,970525.06
2129545217,1673852.5
2129562725,12848990
2129875728,23347670
2130327925,3411175
2130511603,33940584
2130587677,12749795
213061410,1648310.1
2130827916,14776462
213110317,15638398
2131632162,14616790
2131736781,11054902
2131754884,36633144
2132603129,35294412
2133065499,18126932
2133358742,33521936
2134491125,37193224
2134500951,23937958
2134667434,14967260
2135670166,45548040
2136902826,30069296
2137958766,19307602
2138025511,25676230
2138172540,4577889
2138795995,16279591
2139164953,13477203
2139642730,7301113
2140183437,11411964
2141278333,10753010
2141431563,9140062
2141440420,2689633.2
2141849100,359628.06
214212908,16928674
2142717124,37184684
2142887401,39447920
2143419724,8254559
2143853751,5428354
214459395,15828835
2144702563,13390869
2144912493,35227090
2144964899,11754860
2146756668,13234746
2147116061,48048490
215084015,17603066
215827094,7312368.5
216243427,36844344
216491360,11782849
216887177,31174306
217105233,22055578
217123235,14755536
21719361,48211852
217449897,42329440
217840681,46607490
217879036,32750390
220032891,28915162
2203910,17490790
220400107,33145636
220695695,11027618
220893709,12255920
220913104,755552.5
221368463,41443070
221982579,22414830
222060785,79789700
222306454,33718650
222472066,11403064
223241301,27793962
223301576,39499144
224128981,19413610
22423732,16910828
224330402,48159268
224762240,89992570
22505344,41137170
225068536,17730146
226040799,32110208
226960329,45014000
22776154,35074052
227954890,33285274
228342942,20976214
228353829,34866990
228376287,38645520
228550928,16957850
228646509,16897416
229396475,21774648
230592569,17455670
230613655,1025176.94
23134859,9482628
2315391,31705618
232867375,17444906
233011478,23249018
233175247,7859635
23324947,32309290
233825937,19335858
234117472,41937880
23412637,26588890
234411602,5007809
234531101,37569080
234729512,680113.44
234895771,31399842
234974159,34161188
235082246,29189456
235483384,35068076
235497814,10253772
235840868,16678852
235864010,9196962
23611228,35640524
236573262,13359000
236801440,9886084
236967152,13986307
237189175,30066914
237387316,6332356
237608231,36803910
238016672,23596718
23882918,17271132
240793375,26559418
2408863,11478924
240945407,7901085
241071727,23597134
241413496,17664994
242009939,3181895.2
242192487,27926826
242344304,1356538.5
243470829,9176432
244093072,15478342
244138471,11185896
24467319,9742404
244948062,18871670
244979444,7261417
246711603,12997330
247784329,19270474
249926312,22106578
249928975,32695148
250077972,17266696
250300069,8753448
251824409,24199086
252523521,21186326
252893312,13373842
254422575,12754551
254960267,30933938
255113432,11475536
255883146,27684218
255961088,12289892
256731405,14904373
256736654,31628890
256765043,38500690
25711491,15817970
258814398,21556876
258827863,32477316
259349361,12260440
259846515,10837948
260126980,10642996
260570557,8834984
261094513,20899360
26141819,36904090
261573176,66798.41
262324454,12039736
262838505,303304.12
262917132,14447342
263278760,12748475
263546562,18598816
263859790,16120325
265214438,10723956
265337500,35127124
265526489,4924822
265554939,12354933
265714807,20127500
266335595,37883530
266485403,36451156
267014689,17503998
267743426,25267908
268941965,15230808
269223097,16773630
269624866,20941378
269671782,15008600
270444899,18974822
270781452,23763080
272474477,11001180
272506822,26276034
273038844,45099548
273375516,2518123.5
273661214,3058644
273908871,46791010
274647606,35479388
274713689,772925.3
274776941,55439212
274826391,14900570
275358298,27471626
275618587,1162969.1
275739947,12492048
275984292,16867812
27621672,7097971
276265641,19355060
276267245,13601240
276991251,6428424.5
277199451,28974106
277385227,41652670
27769346,26994356
277861704,33926664
278015306,41551664
278061079,18411402
279382534,11639213
279894017,766760.94
280193775,13885549
280345016,15384324
280707053,14590021
281111535,41421544
281205785,18384130
281243948,28408642
281433579,14627422
282013529,28523446
282541492,10845018
283729107,15927590
28413620,5337888
286172371,12641374
286415922,14448063
286494201,14796676
286601632,25242178
287724078,52587770
288128790,6789531
288944939,49206050
289234386,53275510
289628352,29936594
289697709,18815040
290157200,5590659
290340906,12965598
291111312,34253400
291446069,41619464
291542588,2106230
291612227,11581410
291616846,13451407
292393964,27585426
292863031,15261830
293685975,32850894
293894974,23026130
294414595,7427056
294923558,31205126
295043967,20211794
295724156,21387230
296327355,28968040
297550742,25309244
29808369,8619782
298096929,16409469
298609604,21255478
298652658,49207784
299038176,30464474
299836298,11153883
3007537,16278265
301231063,24130470
301666308,17403458
301977349,14847585
303285970,34116856
303389997,15463803
303874646,10805956
304588196,16795200
30476840,24564362
304854690,16621516
305180096,11857212
305886798,37783936
306421064,17478062
307285815,7296466
307689319,20615448
30847257,35426836
308644710,12992070
308761228,20496950
309547615,10466490
309754372,5381364
309880772,9952678
31119116,42051892
311733042,16855802
312247963,25065294
312327371,19702860
312413663,10623504
312443112,7421338
313472646,15473150
313491162,20203894
313562829,23677146
314766557,27072802
315324581,35747896
315554490,16551571
315807955,36071532
316354245,10935968
316457207,12224960
316601415,26933742
316910469,42104868
317359464,40877892
317810213,26976530
317947613,8743254
318052881,34725416
318604031,15629950
319435526,9743372
319991976,33474124
320084593,32107342
320558659,25996856
320587419,38066490
320957201,13086834
321286423,430933.47
321771865,32436202
321777364,2459513
321973122,17901470
322554143,5237161
322938780,13481581
323842041,32630894
323942179,9324223
323979270,20682066
323992484,18409790
324061111,19519316
324239335,10280082
324303112,31728190
32463751,2087572.8
325296543,11180612
326123474,13657031
327774489,32954566
328493920,11296082
328997536,10628558
329519424,20641144
329685099,25610188
329743676,25552040
329869159,49968184
330250452,35906548
330602652,25161218
331139547,22277742
331454611,2568988
331741347,44249520
332130372,7207056
332468195,10998684
332565096,29399814
332705576,135333.47
333634061,42021630
334202810,24692122
33458659,43053612
334815066,29515916
334863258,12767778
335200296,13490314
33548961,22912770
335539058,43061336
335600897,11440017
335774185,27739718
335972145,-87358.13
336555884,34544252
337181261,17174086
338730782,8070268
339776778,23912574
340085020,26661790
341489118,7183101
34157657,41839176
342144807,32597498
342856424,36654480
343486461,5296018
343506498,25059284
343649592,42319504
34440633,20948058
344926561,24703094
345748250,22283142
346081225,20099990
346208532,22973578
346454379,4201928
346693929,18091742
346695992,11161499
34684710,20956704
347404314,18699474
348525962,13220010
348585510,39207450
348929335,21746182
349115573,34980388
349166619,13315860
349261050,14216191
349276058,17280230
349967708,5647422.5
350231097,13991017
350576138,38975320
350715824,34287190
351214678,35016170
351226681,37432330
351808652,9578253
352103509,12613208
352245016,18862488
352546624,15176444
352797040,22655094
353149884,34332970
353434024,9898664
355918102,17245216
356409813,51405480
3567577,7412184.5
357270099,45252372
357935445,17426874
360191041,21175380
36201396,6206381
362281485,22500840
362663556,11114474
362723541,5228621.5
362944421,28694762
363148816,6653081
363690026,21844434
364057924,10267142
364427565,16627150
365663806,13120454
36579398,20411198
36586777,41604320
36637286,6907598
366672357,8710164
366913729,9641012
366999300,19776412
368165349,14430602
368205453,16617359
36964980,12527364
370342148,35622108
37068828,12427708
372572496,33201614
372572885,15769414
373389648,26987948
373751754,9550043
374003386,15735309
374476046,20933914
374519418,40728800
374744054,31760982
375269467,29612678
375817573,12159916
375866434,46717584
376012650,7812901
376077674,22886800
37623171,630259.94
376259147,33966932
37655026,31151506
37754737,35192412
378272734,15327561
378388622,12338300
379319711,28666238
3798759,27047494
380135591,20376738
380254855,17345630
38030725,14715094
38115369,22092412
381446562,15056536
382475291,6934368
38357533,2520276.5
383644444,19955490
384021637,19259666
384028575,9367386
384986113,15598080
385456736,15095998
385652039,10745813
385689772,10306203
386521399,26358578
386524342,18138162
387147144,11941905
387543160,24232556
388327672,9359818
388967266,48906880
389045124,38961696
389063431,20581638
389342276,18187658
389376749,817601.2
389641034,41692956
389854000,7719938
390086278,47313270
390431758,16588468
390599621,48549164
39060284,9463068
391398635,12337825
391645929,18864802
391993993,23464236
392695049,33562200
394405600,46774850
395493750,25035726
395941531,20644338
396656373,32138250
396930221,13836393
397475274,13254020
397482434,13663146
397579350,16026806
398498296,19125680
39936901,20705230
399915385,23191658
400068658,9988504
400447023,25600090
401389867,12164976
401597084,38951890
402443173,26694378
402841891,33837720
40296311,10186129
403499732,12540504
403693338,25123552
403813848,5729540
404086291,10564043
40458284,6223977
405968441,30959218
405986904,26290230
40611218,19533382
406419185,31549418
407704492,5050916
408159122,7237599
40875137,39119496
408908892,42394620
409181649,26316496
410286444,38982040
410697391,25868066
412307598,2860969
412582902,36642490
412850648,18557274
412882013,13948418
412897835,2006286.5
413098322,10116806
413909098,36922936
414725703,14373926
41520564,20025954
4156040,14110485
415819335,20646372
416387933,30463138
416703868,1173392.9
417046737,35902296
417438578,37920230
41792954,22132898
41862029,16765831
419064237,15736693
41936682,26173952
419757001,29331440
419997302,15080280
420197540,10354974
420608058,10821388
420662948,22067526
420737348,15621789
420797031,40474450
421414252,28609840
42204591,31887054
422469488,33765260
422598854,31918256
422823608,29482130
423111522,3020570.5
423834908,38088436
423958480,13913653
424084225,33605910
424907762,20428630
425874089,3788652.5
426342427,19733158
426515905,38325270
426734809,15994734
426755371,21745314
426759182,33506388
427233302,3579233.2
427417046,11671271
428377508,50274330
428449296,40261344
428961544,38501876
429014193,43340400
429876190,726531.75
429922385,33619520
430788826,33667410
431032607,11855266
431246270,12556677
432161494,13688340
432451034,41330210
432604327,14655584
432642481,18280150
432656055,33270884
43266024,8943615
432852017,9247994
433294823,33383046
433726992,32493010
434814620,26514718
435280771,14033702
43542232,48766852
435601171,36297452
435625792,38177110
436194213,13743076
437787621,35020028
437879623,41802640
438037271,34239360
438510669,22468746
438855463,39789770
43945260,23651576
43954650,20177830
439649548,33450506
439840467,14062783
440200801,12395585
440277079,3317212.5
440622206,24210850
440954937,48995904
441554153,7552431
441985247,33895320
442262804,6972568
442566919,13300748
442785874,13211596
442897603,10715866
443271898,18365244
443729995,6051554
443801956,40166664
44433671,45916856
445030922,15782400
445201757,14226610
445697187,30111806
446325916,23692670
446460497,38658896
446829845,25718658
448582481,49350864
448717759,470993.7
449337949,8482225
451389400,30476442
452872753,9989984
452952518,15472412
453062780,11611465
453279973,10381762
454111718,11769860
455169519,27422798
45549549,14513178
455763395,12620267
456111247,10525946
456530071,33507450
456760512,10416455
456824286,8731742
457158232,40535120
457367055,37129890
458107283,927070.56
458245368,39407216
458424899,24627254
459168625,10666552
459297264,33044800
459658475,12026970
459754479,31229546
460246568,32260126
460662227,32137724
461189195,14782243
461654171,49498296
46207624,12900080
462147439,11834976
462215391,19909996
462370928,8692078
463095681,16905418
463951514,20837986
464120498,53009210
464221746,3894555.5
464739221,10303632
465855968,19344822
466609082,7605578.5
467241432,39235500
467395592,32709974
4678581,29955166
4681142,6598811
468969902,2079150.5
470147329,40722212
471089356,2304013
471141794,30233020
4715803,15906230
471640086,10401264
471819218,48526280
472000372,31258270
472001347,17472756
473253715,40078570
47395179,8080400.5
474717176,17633322
475951494,25789574
476130416,34844468
476418030,14689688
477514992,9575515
478406019,12956282
478693808,13773984
478819393,19512862
478877885,14146966
479589429,23878822
479924720,34808790
47997762,19572842
481161756,44411080
48241893,31765058
482610902,16603672
482835279,25400486
483544606,5586667
483673275,41746136
484087591,11528635
484209395,15751005
484959821,6287405
486320003,7658311
486521571,30531408
486582715,18775244
486870854,13337700
487089895,8544428
487738102,15050887
487872948,12701991
488216985,34592510
488543588,35183332
488745954,49177824
488957317,15492466
489905928,31568410
490232104,20126350
49077527,41267440
491051634,14111362
491383272,11385218
492124435,33563636
492503761,13159684
493266452,34455800
493626101,19320264
493998349,35173984
494013095,10625797
494508342,14128498
496852320,19148528
497129673,7020088
497424077,14151764
497484784,60779504
497525599,28436222
49764607,1446938.9
497759905,2816947.5
498224359,20925718
498658860,22750346
498752802,27655946
498982970,13234680
49898387,47100252
499839899,7832556.5
500109209,38659750
500619261,14063640
501063862,-103310.56
501669783,39052116
501996632,27851434
502042494,32408056
502089322,1273025.6
503302360,10511527
503477526,24935458
503678585,16777886
50414982,16987922
504867793,11435050
505481041,18991882
505679993,30794120
505902531,21137662
50626604,11321496
50639097,9853320
506599132,15438142
506602503,35619944
506634508,29475598
50675721,1215034.1
508514016,32134626
509054084,7627133
510005530,43175300
510037710,18418884
51014357,41349250
510516685,22854406
510713059,13490268
510866380,18633920
511478043,38131896
511821311,25697052
512063460,14775422
512130119,13498132
51236360,15186624
512972530,6734817
513430740,30244376
513780549,32178350
513902355,5136617.5
514456478,14087150
514526218,43885850
514626847,14031938
515406513,29619802
515532915,39102812
51662332,4619627
516673184,17503900
516756127,19100394
516982827,22720370
517152876,1425598.9
517401228,17769450
517730920,35272816
517805032,847066.44
51802709,20217466
518415586,9918207
518535970,11240946
518723472,43531664
519167897,19631656
520592304,43117960
520976342,23110034
522226172,19244256
522488664,44943084
522902852,14422191
522977276,15488270
523381875,60669492
523408374,40178090
523525047,20222012
523659898,29808476
523714450,13483404
524129027,6510480.5
524200811,12089511
524275101,16494258
525293176,34165028
52592172,25608046
528330142,20435922
529973044,7728626
530078100,20640722
530272697,11814584
530592602,24096278
530798243,10209329
531332228,16940564
531629727,1524750.5
53165419,19072402
533458227,3165335
534163204,36124100
534535511,5322849.5
53465103,15639282
536218024,15618234
536690992,25128276
536929568,8285456
538265610,27640106
53852878,6851038
539787189,46498188
539838991,44284576
540365975,45183590
540496741,12974601
541784221,39830876
542877441,15775755
543457548,27422146
543483467,24062702
543698613,5860902
543768731,2360544.5
544179635,6779760
544333987,11947652
544483277,37570556
544605831,12285218
544632513,32610534
545287552,12806622
545684505,10989182
545971139,16245955
546046005,28104038
546068218,18151204
546706268,34146804
546880788,3242286.2
547276064,20017370
547282680,35617560
547501126,12249654
547906935,2570594.5
548045535,17848206
54815674,43139616
548744869,2305955.5
548793982,7395302
548838453,39395824
549315774,5542043.5
549403103,31463954
549652957,7643472
55019205,39770024
55019273,9273208
550495054,30928012
550744346,16292782
551360293,10185517
551466129,16254258
551902988,16677778
552347392,38501104
552560301,5409166
553100734,31032086
553354303,10842820
553471497,37680184
553671574,34968810
553824008,9962234
554163653,15433995
554459553,21672694
554653211,30491786
554661866,48883560
554860159,5474308
554931341,33732360
555157400,15578928
55588063,24910008
556229794,8175477.5
556473951,48435560
556524338,99912.64
556883737,44221456
556987550,5311204
557603051,45936160
557650305,28970126
557911268,3616804.5
558686376,17324690
559665878,18337458
56084141,36718336
562203442,11994075
562418707,7691927
562947494,19448388
563673583,9121267
564092589,25841826
564107532,8335004
564131578,22839960
56427214,21405794
565051023,38331730
566389444,5439731
566417741,36062840
566436879,7950631
566778083,36157640
567053540,18623802
567142088,632458.56
56764818,9059330
56766771,29187068
56775472,17133518
567868974,20798956
569685213,15028741
569815778,3247549
570820154,28830886
571834256,9381022
572311920,9788664
572355332,21220244
573510041,28226590
573555059,60245636
573845877,11655967
573908180,43683650
574004096,46838996
574168104,33259818
574210504,42139080
574427229,37767372
574825022,28132954
574932654,21226736
575115873,18055454
575653367,42686920
576176107,12030738
577108378,37177244
577458725,21480578
577671293,31663898
577760804,10985990
57837937,14025736
578822373,34248400
578887397,35357280
578908805,19645828
578942981,19094822
580521026,6944090
582237775,41874376
582984940,31472514
58325440,41194810
58360843,10971076
583804134,10907584
584172188,17093400
5845522,51840468
584681455,30416170
584730069,9520518
584811769,9340734
585000782,9611725
58542575,37457616
585631329,16184718
585632599,23576410
585794453,9965114
586623109,30284950
587942731,33891210
589267026,12966224
589599653,31711114
590127879,12400746
59115085,28588084
591351810,10686481
591724983,31824270
591748234,1291019.2
593905769,69626990
595300301,20904970
595515594,42261896
595878150,20587386
595948357,32921194
596148775,43810104
596188072,26560130
596712964,11365856
596902566,18278332
597680020,26142016
59899304,8927862
599282805,19143274
599800605,11618544
599844877,33066302
600302051,39151336
601681799,78621110
601783392,43676800
602420459,23322084
602717089,34440796
602991398,15729081
603615608,4675126
604033615,11632624
605820681,16519426
606531577,13367046
606897760,13634918
60696335,7014158.5
607384816,33900530
607858573,30937002
608124556,1715551.8
608724954,14137628
608751541,37977108
608829475,2605057.5
609026192,25041818
609044356,15081694
609214480,19311088
609563906,28286186
610641619,471463.8
610989758,16170881
611239718,6296521.5
612314224,32394582
612593600,12503112
613241822,26416454
613508749,37367052
613752110,7125453
614316191,15217687
614616814,81965330
615206046,33801484
615301903,23959574
615355771,3406207.8
615547995,14248482
615633777,31745636
616723468,34630876
617652607,7034045
617923095,30717658
618661926,6426439
619122060,18310682
619556777,14925440
619870461,18099174
62025312,10487802
620552705,11004184
620920171,18165874
621121127,35689544
62150658,41550710
622215273,3241682.2
62249330,12099300
622534980,28513854
622762972,17928684
622931594,30334660
623111625,21635868
623652126,5363330
624087859,27981814
624353796,8250876.5
62449470,4631090.5
625189874,30330806
625969174,29126686
626368590,52124410
6264706,28278518
62649624,16829868
626625043,17721074
62680332,37310584
627181848,30722076
627257095,43551950
627565310,18522614
627700336,19668004
628454490,40451292
628595308,8623306
629087579,13995273
629392637,17000578
629603561,42282600
629712358,7869608
630155463,6401854
630365265,38407788
630603397,22017914
630735577,33147190
630770738,30276048
630924783,30124624
631558003,8999502
631674627,4550479.5
632722753,16663945
633082676,669112.5
633481803,6093869
633631994,14618350
633784100,34738850
634523826,24901744
635521882,44490604
635528537,30719820
63625893,14138277
636475356,13844170
636553487,15824542
636930408,10458346
63713889,10987110
637521781,4696366.5
637628564,16489829
638038695,12617586
638074752,592993.9
638139304,28612948
639591303,1357800.4
640694638,21636120
64078325,16917060
641814576,20645500
642130489,32426406
64239667,27265642
642484761,28901150
643786076,1965308.6
645040161,10961176
645087638,5189813
645328235,38443560
645444373,33943876
645671888,14437884
645838636,15887581
645908571,22732954
646558712,22499274
64688467,40584456
647024555,26520070
647125580,11379328
64718208,11825925
647817778,20441706
647855417,20373282
648116109,5969462
648918009,17474292
649050287,29752602
649359794,14176515
649890237,17834576
650343092,10326651
650538604,25887912
650575577,44547150
652057453,17883496
652565763,12770039
652628649,31040106
652851832,9223888
653042301,41351760
654182047,32534016
654343877,19293174
654641645,25300154
654661122,43341336
654754244,6103083
654861205,16571487
655588446,5435014
656090846,8943188
656151121,7290218
656802324,4214205.5
657647407,26950858
657962665,7114463
658287641,14062526
658418373,38267944
658732421,255991.23
659908215,8500363
659974298,20756122
660469822,20602352
661609404,27719540
662470811,16293464
662564439,18179666
663008510,14187174
663119991,36655830
663386022,9417516
663896230,34062320
663953997,15441618
664150852,20056994
665110856,10833594
665191803,6673097
66540021,706224.7
666003173,21221150
666071145,8055490.5
666560196,38714210
667329580,2518083.5
667807861,20176462
667896452,22797242
668002212,21376468
668282209,26155686
668710324,34211430
669244038,28025242
669255765,44181744
670451944,26274450
670924965,10676576
670969173,21423278
671457789,12067708
67196281,37519810
672023531,9520268
672124057,8701602
673681161,15093709
673841258,10525420
674223398,40930936
675716636,12170368
676142711,22608902
676332356,11488564
676850952,38579330
677651207,6480656.5
677885113,810848.06
679397320,30170730
679554844,15811406
680542659,32158494
681152428,20267984
681200816,33811640
681324940,-18166.23
681511767,40111180
682683076,19773638
683424785,9607536
683551593,33318926
683768234,21201814
683879344,7802831
683989852,18775800
684010120,44997900
684020600,38263760
684469652,32104706
684712590,1380997.9
684803248,14609611
68507484,10394374
685113838,37554160
685291199,24976430
685305515,39606892
685365013,33745240
685792884,35391544
686556182,2426509
686802498,7150024
686840603,34788856
687472966,10905838
687964863,8019743
688177785,7909868
688371201,47563144
689039573,47470410
689570995,38838500
690163261,12330282
690465699,7640229
690611196,773648.44
690788144,22221774
691454351,21310706
691956587,47513576
692031456,63658244
692055083,42846170
692437917,15602170
692475879,3660848.2
692818572,44228890
69340475,31768722
695985603,35790490
696048028,14406384
696878760,18402984
697051886,11656490
69758142,9117678
698018079,11769499
698221446,47843950
698539075,32558700
698710925,10621815
69930205,34443610
69983594,10064764
700130351,4690712
700498343,12923117
700953960,13756786
701732286,18843066
701867640,21506124
701977902,23725632
702792843,16859738
704203472,15991415
70454644,11231952
704612545,30828110
704851249,43938388
704948028,9837224
705850276,5561319.5
70586576,32082338
706971403,17021846
707012477,4666114
707321092,39912692
707967979,9899847
708384139,17788322
708425371,32707450
709856184,14027252
709926665,3200182.5
710964913,4085739
711484554,31830274
711758346,3719980
71197390,16266184
712621244,10083447
712931491,8019456
713037828,13123929
714014061,19310498
714218237,28727438
714228398,7499593
714397715,19942368
714616022,37675910
714760495,11655614
715086740,3012776.5
715420249,773244.94
715591111,15619756
715655400,17556548
716158796,40014790
716259753,15619032
717552117,29310870
718387907,40697160
719635672,34493320
719728645,2864236.8
720150100,38679172
720184293,15075354
720873116,16334432
721288359,23036554
721851220,30188634
722341479,32397966
722489973,29164812
722660830,25031836
723248368,9057741
723987532,62396028
724012214,20807980
724035983,33300438
724278076,34452080
724696480,4720503
724750596,35304520
72475532,19182080
724991886,16577762
72552013,24088874
726822977,17932714
726824600,-142896.61
726943670,38614550
727060279,9263449
727331270,14028991
72772798,26540630
728175955,25067670
728264963,3572813.2
728516110,23019470
728533186,16381967
728624770,6203331
730145244,30311278
730534922,25105144
730785442,41537230
730798238,49146000
731792366,28555430
732183753,17301040
732279526,21209508
732966999,9289821
733406971,44280084
733432976,16367723
733592106,5553805
733612060,15558345
733747579,33322502
733964800,48233828
734576042,46307736
735446843,26099348
735643668,20797926
736340254,26968702
737499853,53307572
737634444,4816604
737865157,25369062
737911371,9672939
738420035,20729318
738541210,11671070
738828742,14704871
738831382,10376452
738981862,13052921
739032019,25236118
739056634,14963226
739152196,34680964
739166321,4718319.5
739177337,30062744
739433136,12044873
739921517,33650856
740159625,13722101
740333059,23426582
740873186,15462814
74205498,20733582
742112668,12556501
743212389,15241048
743750398,50137410
743780663,35652804
743967179,36924624
744248278,1220777.4
744429124,1357273.6
74446418,9569158
744672527,33419570
745584428,36740344
745833075,14358562
746463163,7413387
746610732,13546714
746709172,18307660
746808252,18838682
747006133,24342606
747151025,13000186
748317851,20625398
749864100,27516398
750436950,15821165
75096270,32639994
751220642,14732660
751564815,35728932
751660661,1459295.8
753167235,13675261
753479292,41637430
75464333,27624910
754671748,7020805
755399254,35205496
757210736,39999096
757229442,4624236
757249530,6167519
758998850,11247396
759238783,38950904
75963900,18814282
760818742,45488990
761245986,19169402
762057975,14459391
762138217,12728653
762441093,20761360
762469354,47297344
76248049,9339845
762501976,34307310
762802287,8137897
763399656,43846320
763412178,1260955.1
764592471,39657144
765116390,34433308
765173266,6165207.5
765224352,33238522
765388699,8300591
765687413,419074.66
766124910,33045682
766202079,16624518
766337533,41437200
766739031,17191154
767529410,7517813
767647284,41800864
768744818,29896938
769004776,25313790
769353991,14525852
769421932,21402554
769716639,21054460
76993562,4487925
769998386,16828862
770206605,36796300
770234713,16268318
770323981,5069833.5
770677681,26584364
770729323,8708252
771072361,6654452
771136745,34615560
771430463,17990626
772100527,14287648
772270326,5278803.5
772722335,30192446
773069438,19469262
773264874,13202722
773697018,14391304
775397964,11605858
77595713,22486522
776266493,40662772
776350546,10943648
777658980,9002222
77798017,12982828
77854924,15518466
779616322,3574774.5
779657796,11968165
780886026,45432216
782147700,22660504
782265140,36080984
782387760,17221510
782520545,559042.3
782828747,18681682
782907536,32558530
783881111,39955344
784075537,43418360
784274474,10561670
784363033,8062297
784562384,5652482.5
785130595,18444518
785495361,26225330
786352679,35692016
786584481,8632844
786626858,46037490
78691384,27367494
786985123,35271790
786987780,37936850
7873707,20722726
787991914,12184182
788425745,27423422
788570512,27936938
788841127,23418986
788996498,20754030
789035510,21819458
789231829,32099810
789418909,11164586
789491002,14559268
789558666,12533294
789985701,11674603
790080592,26609722
790154837,6302680
790990371,38434640
791154774,34774920
791294581,34433776
791309697,17960682
792226008,35977070
79229424,28383262
792358249,19564400
792431423,46398270
792482742,41370224
793266230,46191000
793689486,23411064
794549235,11301084
795021119,18055552
795060635,47704884
795173140,37839108
795714457,25931778
795720720,17707330
795919811,33342866
796327850,36688.113
796691823,27672410
7974921,8727213
797565206,26412272
797705280,11050994
79788076,20873818
798471705,21393338
798788267,29484748
799724217,33216296
800033622,20190442
800146175,529134.7
800663307,24745412
80128958,28194860
80182473,4293119.5
802013794,32763764
802516447,7347122
803075067,35016640
803248171,24913506
803313602,20143702
803452652,5269307
803565075,42863384
803684433,41954930
803694340,7862415
804423051,9187113
804510450,49050810
804726806,38173950
804757084,22365728
804816280,14677529
80520828,4362349
805800861,21152750
806115854,13876033
806195511,41818390
806952878,35455436
80878937,26871794
809229362,10003886
809794116,30586448
810606105,8201780.5
81077420,25176284
811936110,8869051
812431634,13998079
812504494,19924802
813456354,13319614
813770110,14459738
814532752,9504006
816469330,31631406
817368728,20727258
817419663,20686322
818745135,8565896
81919033,33961620
82002379,28683338
820556746,2774228.8
82083822,37691068
821432920,21890128
823304341,27745394
82393996,34605412
824171365,10397506
825473294,51439916
825599858,8233140
82598279,27053970
826404997,34585588
826873394,13548510
826960749,46029776
827256751,12769356
82780278,22776430
828055854,40642364
828410838,37786600
829021178,23081484
829203170,17052970
829242110,54272788
829372910,37474332
830225602,39267516
830585035,24608258
830766852,10864209
831197278,28126798
831582761,6332395
831662462,23880710
831790523,8805919
832114783,20876662
832200317,15549783
832898657,9726939
832906312,13624054
832911243,34385484
833277203,10203652
833533222,32819122
833566638,44436836
833791466,13971196
834080153,25573230
835761629,8466286
836037627,19794710
836120132,12042820
83637460,34062892
836695247,18722512
837714708,9338470
837799456,23651850
838534055,7864944
838665652,11513779
839159048,26303736
839379496,292419.44
839626541,26186270
840111436,24243106
840597788,18374994
840893892,38188336
841139927,35433852
841404878,26553234
841601279,36213256
841881642,13300036
841977836,28460540
842068125,3169390
842952211,43856184
843087972,11137434
843609477,6499560
843661980,-5554.1733
845745237,15866773
845771247,7246375
846589870,28573138
846744181,36748150
847443692,52617064
848095710,16987786
848387591,32956880
849013877,44647944
84914004,39628496
849612848,13332614
850248956,10009637
850332425,16027273
850397684,15115655
850487530,3702583.5
851112541,14139702
851449262,4197757
852811658,32409984
852999346,11026119
853074699,32098690
853135326,20567006
853592921,30471884
853693902,22718398
854148244,31216830
854805424,9343206
855376433,36011348
85572606,14136799
855797438,29224860
856432538,8626617
856548783,21003934
858346123,35752920
858369576,17150372
85896253,5293801
858996605,19178732
859056629,17973626
860153809,4542194.5
860288,7160317
860384929,549489.7
861038294,46146910
861733112,16588564
861774531,26998216
86227930,3753144
862650959,2036410.9
862803892,10340870
862820025,46093812
863759909,21166998
864108688,9466728
86469776,33564610
865103237,13084219
865105594,30665580
865454576,1130233.1
866152378,12186297
86715791,7773004.5
867348527,745345.94
867963258,18140390
868098168,24154634
86876337,31352850
868971202,23681238
869012352,7541748
869834621,20414606
871041901,6465756.5
87150975,15694911
871669460,41161296
871806722,623756.5
872010061,22207626
872439550,15140370
872670757,30392766
873475199,16511653
873833771,30057236
874026157,802343.6
874290922,25546042
874843071,22579656
875009741,24925562
875149448,170019.11
87667667,31246130
876859747,15287044
877657218,44951470
878567731,9991417
879018791,17774818
879206669,38070896
879769410,14654498
879890546,3687574
880035963,20544442
88044166,11970336
880732047,26182918
881688715,30885802
882513839,31206962
883117492,40873080
883647784,12294783
884063619,39139732
885485944,25453602
886269961,10916698
886429485,1785578.4
887141332,22083260
887196696,39035350
887534478,15497342
887950088,51349588
888038952,9866154
888160053,5351039
888261646,30401006
888587347,5540611
888807075,15215668
889325006,16129867
8898882,39220444
89137752,28682460
892360563,10453100
892510845,11794900
892611192,22836418
893068464,27654150
893832586,16735366
89401161,33213638
894222453,22715106
894451685,22620466
894546161,17970070
894657888,8222016
894894205,40700910
895097268,41258344
895223493,11875168
895330083,17613038
895873357,13856877
896964180,13370423
897209255,36513750
897392908,22050724
898658420,35911656
898737455,10924621
898958179,14640102
899236930,4758531
900589615,17620854
901530176,20699994
902806546,30064920
903980536,37582330
903995114,4450838.5
904100228,15736053
904171255,16393196
904186687,30384000
904364008,43426644
90519942,30881560
905552224,21589498
905796118,42914724
907406308,11220776
907551613,23406162
907590804,31865382
907622973,3363074.2
907638397,64666830
908386394,16058570
908891261,37795560
909234048,-106056.64
909329074,20367186
909523960,11002154
909558361,14743701
909893398,28666734
910761862,10354272
910991764,6988912.5
911096051,481033.25
911674118,7246554
912022606,26429638
912650492,28183866
913422950,9214334
914253765,35119296
914332630,11742596
915222064,8725783
916318522,31206340
916486479,50114810
9165248,44255896
916642023,10291661
916716032,35483224
917809446,7211070
91840882,15374777
918796208,14602718
919097664,6000979
919268766,13996532
919286913,4983964
919396024,32928396
920228282,9205659
920981063,33839104
92101527,20529710
921049132,42914428
921110033,46771324
921604428,27423442
92161345,34607710
921680490,34842680
922141654,16394598
922470018,21964284
922559540,18437640
923552496,37336636
924864353,7407949
924930242,35455930
925284393,16429443
925330007,31315514
9257549,16874022
92595112,14208962
926132572,27233044
927335779,10730524
928108227,15008013
928575366,14798598
929039412,35802196
929146984,31275066
929460995,52051544
929686027,8255871
92969561,3593638.5
930407677,93934.836
931169027,4377560
93130501,6602261
931996112,6790147
932111221,8732840
932220519,15176737
932704587,27432408
933014297,-97003.62
933447260,12272642
933459350,15765283
934253327,14836572
934683322,26344978
935317037,11654606
935633255,51882840
935947562,11694700
935979331,25347006
936112261,36811600
936156342,12884913
93645337,10710571
936606331,20663006
937159886,24066026
937339161,4627914.5
938314546,40654000
938703974,19235206
938790217,13766546
938925165,14977858
939059785,28223642
939271591,26107458
939371377,39607492
939884834,11700141
941679734,32368298
941881769,38893332
941956643,8104677
942573033,30201214
943146683,21847148
94316167,37515424
943211267,66875220
944197169,7195517
945792830,15839293
94610879,41723170
946277816,26907298
946870404,19887126
947537520,36211390
948018719,38281004
948098907,10819557
949824611,18796238
949966037,11640208
950058375,41901476
950555280,3611548
950943018,16841666
951055471,29521882
951925053,14468279
951925169,24149270
952853969,10636676
952890580,25236450
953184598,52417336
954107373,13651710
954192065,49637230
954642155,24729064
954693127,15539308
954980699,16269737
955142815,29415466
955629874,13935339
955783283,2591147
956090756,53739290
956150342,17186268
956399703,13752859
956485344,28048064
956740065,19160228
957159587,13531886
957392789,32682556
957895748,13257826
958645405,793970.75
958742619,9583791
958884312,1335777.2
959362719,17697610
959540478,31131922
959565650,2967714.5
961444972,45829040
961467028,14941032
962930883,12291598
96326337,18473946
963700576,15973379
963879097,46307910
964743728,9611753
965465651,33545242
965477863,26640466
96603778,14624892
966319983,5257401
967143426,19654256
967209543,11750503
967707155,12749620
968166472,29046260
968459472,12539273
96932117,25323870
970349147,51661220
970365099,43240600
971384298,10060314
971806068,33854960
972026793,27199406
972612114,39147896
972707061,34428456
972862949,44043236
972880937,9577766
974071693,35840680
974803775,10217330
975227813,7128558
97549718,30983866
975765676,42299016
976096225,11117780
977019835,2703317.2
977069879,20680804
978068035,38914984
97827749,21486910
979002486,32740496
979909839,34395068
980327411,26516594
980434852,19050958
980673729,16224856
980720229,38569984
981231524,23285332
982502730,22237064
983288274,4220354.5
983938571,14632569
984514246,19290186
984566771,8283716
984750747,17516458
984887289,980536.7
985538416,37385536
985937437,12495383
986016887,38534290
987007987,25629414
98762415,48152196
989089141,19945906
989199033,33701776
989224901,6222549
989371228,42637784
989967752,37244656
990500059,36180480
990683783,11530880
991269912,21118872
991366096,13587210
991653568,14054464
991785030,16700994
992399759,16791064
99245495,11888752
992606804,15246918
993635540,18328830
993854483,15208280
994270189,17499510
994432064,41510252
995198002,13495824
995552581,29436300
996465465,30935080
996644458,31338118
996704281,116430264
997630809,13041294
998072137,11212274
998136924,45786132
99975682,20888750
