segment_id,time_to_eruption
1000213997,20963764.0
100023368,40083296.0
1000488999,9457719.0
1001028887,22649288.0
1001857862,24931416.0
1003310246,35008144.0
1003545497,34608016.0
1004288653,20478242.0
10044968,1378041.8
1005166812,12738567.0
1005502784,34616424.0
1005767712,20075040.0
1005985933,31915744.0
1006013726,22937346.0
1006026494,6055297.5
1006540019,6772060.5
1007067208,20710122.0
1007233480,27269492.0
100741545,32533430.0
100781580,11945219.0
1008031106,27493768.0
1008453141,6032903.0
1008467020,26755112.0
1008990702,31753860.0
100924436,8085185.5
1009570124,25396920.0
1010782837,16768031.0
101092507,11336260.0
1010943716,4850153.5
1011004896,12051843.0
101110196,17708914.0
1011275894,22885906.0
1013422575,12712339.0
1013765862,6100579.0
1014679633,27066540.0
1016115878,39221100.0
1016184206,15166118.0
1017230048,22449462.0
1017425206,37839676.0
101767110,30264036.0
1017793579,10736882.0
1018339787,11734514.0
1018415836,21629920.0
1018835959,21727248.0
1019822001,19732748.0
1020904533,42463376.0
1021766991,31700544.0
1022303057,32609250.0
1022564826,11349639.0
1022792201,42921096.0
1022920538,1272475.6
102293055,11945463.0
1023129837,38847096.0
1023178939,9044326.0
1024202315,44467972.0
1025034217,25693908.0
1025592404,19234998.0
1026104909,657857.2
1026215164,22489240.0
1026330044,6628251.0
1026893635,23590350.0
1027015334,26895128.0
1027196270,24452600.0
1027492850,14382724.0
1028291376,9508498.0
1028734549,11004395.0
1028909050,34940788.0
1028936480,4751651.5
1030142029,31820230.0
1030502977,15742010.0
1031020617,18584758.0
1031159375,31705406.0
1031162177,20671264.0
103255324,6495015.5
1033010545,20589510.0
1033712814,16699722.0
1034145574,22406630.0
1034149150,41030664.0
1034495604,34704636.0
1034575439,22564324.0
1034661081,9951396.0
1036359163,483786.62
1036419067,32067092.0
1037409111,32605614.0
1037457727,41484356.0
1037866071,18596208.0
1037870582,30764538.0
1038229705,310202.72
1038561162,24007356.0
1038795212,20092508.0
1039022988,23134658.0
1039467390,23062906.0
1040926190,35899836.0
1041238096,14874855.0
1042404145,17161570.0
1042683102,20685056.0
1042872766,11555105.0
1042966293,36081664.0
1044132676,38858590.0
1044145499,37001150.0
1044572708,24942368.0
1044918875,31288022.0
1044919243,13035002.0
1045961446,4486102.5
1046125885,33506920.0
1046298092,16778434.0
1047440176,28567212.0
1047553323,11631515.0
1048071171,41647330.0
1049029417,9644698.0
1049179883,30700534.0
1049458669,26841672.0
1049490456,39039096.0
1049718151,4926833.5
10500324,27001048.0
1051297459,23088272.0
1051723909,27885398.0
1052096870,20944844.0
105231979,16883668.0
1052598935,20720976.0
1053288769,33083158.0
1053506000,8383261.5
1053709012,14683640.0
1054155456,5078418.5
1054183033,12874310.0
1055110288,37249960.0
1055280734,14360236.0
1055292020,21325966.0
105565188,16049082.0
1055715186,34759976.0
1056283823,37883812.0
1057143322,33798424.0
1057565195,28124754.0
1057891675,40391896.0
1058184184,27089680.0
1058754098,23197764.0
1058988926,43062320.0
1060658700,7230144.0
1060731119,11480244.0
1060942736,11461925.0
1060953646,33156492.0
1061777512,33225636.0
1063352576,17528368.0
1063492083,18259090.0
1064227773,39114856.0
1065071029,4887767.5
1065179054,26127862.0
106530242,11352436.0
106558646,2469075.2
106685184,22563978.0
1066858964,43116708.0
106705133,6353781.0
1067398856,10339523.0
1067885278,23856880.0
1067970,25490954.0
1068098496,13466601.0
1068298311,12738791.0
1068515581,36237140.0
1069211376,46753364.0
1071550768,28317134.0
1071673479,516555.25
1071727846,20920220.0
1072278088,30564136.0
1072995306,9661432.0
1074297431,22550804.0
1074331622,23599522.0
107456883,12515744.0
1074855139,18985624.0
1075283470,22981594.0
1075411242,28526672.0
1075732342,37519416.0
1076096350,12037627.0
107666202,33910224.0
1077472023,38601124.0
1079683965,10455195.0
1079951835,21600454.0
1080323153,24073052.0
1080844241,42268068.0
108203668,35421660.0
108213146,16571161.0
1082262945,28512342.0
1082864378,21245306.0
1083707533,36081300.0
108403661,2522799.5
1084397983,13380861.0
1084431292,35640784.0
1084581069,13738023.0
1085038607,3267826.2
1085084497,41670844.0
1085229280,22235314.0
1085510648,48485370.0
1085881951,17934684.0
1085882007,29428980.0
1085910515,35993330.0
108610409,33189550.0
1086569026,20564836.0
1086820883,20963254.0
1086962283,31617980.0
1087163936,15730128.0
108734762,39603264.0
1087612350,7355702.5
1087681649,24754338.0
1088360907,23828680.0
108885370,22600768.0
1088867007,14299529.0
1089106361,23617314.0
1089622428,15094916.0
1089767427,32550010.0
108980580,27323956.0
1091470526,25133320.0
1091631666,17114998.0
1091745945,2389203.0
1092124990,16537820.0
1092555354,32629422.0
109341864,26282608.0
1094588886,19708176.0
1094824382,28695642.0
1095039261,22005134.0
1095263306,20769892.0
1096077505,26939628.0
1096565436,12720459.0
10968059,41397076.0
1097472544,40885030.0
109822679,9417531.0
1099056611,20690892.0
1099388776,1319661.8
1099472249,17371376.0
1099564840,14876109.0
1100048277,21512686.0
1100276687,5780690.0
1100541264,8255704.5
110077966,33919136.0
1101672261,35754936.0
1102273593,41873744.0
1102402906,9945274.0
1102541950,22072694.0
1102809614,20173546.0
1102814669,38788156.0
1103082804,35142916.0
1103286910,22272544.0
1103368940,34109820.0
110350278,19877080.0
1103540935,6799776.5
110368744,1990517.9
1104014396,820578.56
110406323,43607684.0
1105331011,45117324.0
1105982863,16268769.0
1106241100,22363718.0
1106563471,25674592.0
1107289052,35308644.0
1107461160,33194996.0
110836519,24594484.0
1108430240,33716650.0
110897870,23480700.0
1110364836,22534252.0
1111519643,20406252.0
1112589641,10381074.0
1112725405,21488794.0
1114166998,15776417.0
1115292010,28536226.0
1116004069,40363064.0
1116487834,14037004.0
1117004656,20894416.0
1117136867,22600220.0
1117195616,39464404.0
1117947416,24806760.0
1118238925,10840207.0
111846917,41689056.0
1118482512,325558.75
1118815295,10113843.0
1118878688,3628792.5
1119261733,22480940.0
1119530134,40305360.0
1119629515,14087210.0
1120000702,24416636.0
112044852,40675920.0
1121880142,22207714.0
1122235886,25549280.0
1122555066,23953474.0
1122574109,970178.44
1123664964,39133240.0
1124294151,18252582.0
1125699550,14093626.0
1126221533,25714336.0
1126641381,21360078.0
1126757306,4634962.5
1126796520,11597731.0
1126811259,36272776.0
1127832368,19632152.0
1128226922,11036367.0
1128498225,16864956.0
1129027163,30989982.0
1129221340,6785591.0
1130257145,23418500.0
1130720014,36290584.0
1131027065,12418179.0
1131427620,38580050.0
1131523873,40365050.0
1132295917,17823978.0
1132486761,32169540.0
1133082361,5707044.0
1134509383,16027285.0
1134521236,46925370.0
1134779082,12267364.0
1134883832,38097668.0
1135419607,21149646.0
1136836722,20944290.0
1138013832,9430044.0
113804746,13962409.0
1138064736,31042982.0
1138211675,20700088.0
1138486916,590603.94
1138681044,4721354.5
1138720460,25556734.0
1138882964,22819862.0
113905839,8968562.0
1139237569,11402343.0
1139538400,10198665.0
113967173,31823792.0
1140820511,35874284.0
1140974500,12547597.0
114150551,24719626.0
1141520169,3655630.5
1143001734,37618376.0
1143047042,14504715.0
1144429601,12075844.0
1144656675,25984676.0
1145920557,23796964.0
1145967559,18556970.0
1146131621,19856204.0
1147881605,41823536.0
1148019708,19878774.0
1148541354,10741735.0
1148886023,32837646.0
115061644,34547770.0
115078097,20301338.0
1151049976,33228774.0
1151284420,22780676.0
1151324021,2606192.2
1151780520,46891510.0
1151992282,35764000.0
1152013551,26892946.0
1152212686,9817675.0
115221470,21202902.0
1152668140,20155084.0
1153463658,25754832.0
1153586106,7142946.0
1154474865,39484820.0
1155876159,25035546.0
1156025460,15193024.0
1156133043,14446870.0
1156478311,9998018.0
1156548075,17221094.0
1156784512,4086485.8
1156966312,12687319.0
1157350549,34785364.0
1157443909,23607614.0
1157809969,16428620.0
1158664242,21186126.0
1159089979,9601332.0
1160053013,20026284.0
1160686668,23091870.0
1160906376,35032776.0
1161198334,24952088.0
1162694155,11782524.0
1162779364,11672099.0
116365849,24268358.0
116412859,22587104.0
1164570156,44808852.0
1164715267,45942148.0
1164876923,12606910.0
1164894495,2261371.2
1164972263,12200705.0
1165406994,13537866.0
1165584264,41113420.0
1166172413,644685.6
1166895244,40259536.0
116714199,40540800.0
1167639431,24385566.0
1167794399,21352812.0
1168308277,38940476.0
1168445787,23540490.0
116873459,12377586.0
116932311,25481880.0
1169334826,20959232.0
1169693633,27716412.0
1169771634,40466384.0
1170310305,21958972.0
1170579868,6770460.5
1170773819,18543202.0
1172563804,3716859.8
1173152518,41319424.0
1173279604,24414366.0
1173338218,12844906.0
1173516975,23739680.0
1174872667,16835830.0
1175203365,32194620.0
1175487443,3841419.8
1176993573,28619866.0
1177210685,23953418.0
1177454800,30416260.0
117774602,20986196.0
1177765216,10736787.0
1178028129,23020954.0
1178264982,41025188.0
11785683,37419388.0
1178816469,25564496.0
1179315785,877667.25
1179497817,41054890.0
1179944784,35586220.0
1179960916,26814982.0
1180454807,37250170.0
1181120822,14888246.0
1182519191,28667950.0
1182614734,15842589.0
118297093,18079504.0
1183225535,8362059.0
1183600513,23702808.0
1183713026,12508742.0
1184105273,19216170.0
1184367501,32841050.0
1184815546,12311222.0
1185025081,30556056.0
1185534283,7677769.5
1185885556,47155390.0
1186834536,5554373.5
1187497833,29815912.0
1188079800,13712549.0
1188186067,41885696.0
1188231063,40048988.0
1188467144,14504055.0
1189196490,23400248.0
1189198101,44657376.0
1189882633,22527664.0
1190040870,15054878.0
1190219966,32656420.0
1191879879,21314078.0
1193115461,22047958.0
1193187793,7939712.0
1194642850,18143736.0
1194958720,546364.75
119542887,23082284.0
119569312,29813824.0
1195836508,33379552.0
1195892797,21977750.0
1196305060,15119933.0
1196386464,25328448.0
1196398313,8040962.5
1196810623,11179808.0
1196813450,42962540.0
1197090770,21105852.0
1197154274,23054300.0
1197328245,35444004.0
1197569463,27265938.0
1198404856,33727372.0
1199075201,32715624.0
1199480876,1989319.1
1200859428,35944340.0
1201893930,23993504.0
1201963444,47067748.0
1202160868,20515194.0
1202189440,20919500.0
1202750543,36659388.0
1202918770,33492310.0
1202937149,20095730.0
1203069519,40908880.0
120316657,31271146.0
1203373488,16790594.0
1204016583,35448564.0
1204128117,7875516.5
120454717,36737130.0
1204737237,7304618.0
1205091053,19192364.0
1205814686,827918.06
1206024018,21742410.0
1206424468,22311412.0
1206756635,395295.16
1208065896,21590454.0
1208252310,20262726.0
1208345452,22036128.0
1208430866,17218792.0
1208675647,24352500.0
1208691081,39106532.0
1208693295,4383017.0
120889622,15638132.0
1209606062,13745564.0
1209790776,35120344.0
1209871661,6063925.0
1210342871,34673060.0
1210515418,41385516.0
1210587430,23432974.0
121085860,21736316.0
1211230421,8758105.0
1212010438,38180416.0
1212038117,7723759.5
1212393638,1016041.6
1212871042,37090028.0
1213127443,20806.217
1213666714,42597428.0
1213765725,13799092.0
1214044895,27738100.0
1214397068,43111630.0
1214512952,365768.44
121475135,11322979.0
1215991037,5880015.0
1216072355,42609252.0
1216317941,15455323.0
1217410402,14163509.0
1217791119,9504691.0
1217958703,9422909.0
1218603542,39480028.0
121911992,34253572.0
1220297658,38079700.0
122051198,20041012.0
1220917059,27452314.0
1221258426,17837792.0
1221362931,16445729.0
1221381426,10316884.0
1221406995,41522490.0
1221742539,26519824.0
1222133853,23895638.0
1222630615,20135576.0
122338420,2360677.2
1224205322,30217934.0
1224736611,37476820.0
1224847193,19251302.0
1225450532,30143182.0
1225520998,12007388.0
1225673768,7210435.5
1225840812,3719826.5
1226855510,4323669.0
1227089589,28543216.0
1227183385,48162210.0
1227712146,42558604.0
1227918139,35763856.0
1228233821,21458092.0
1228313403,6000071.5
1229009812,31898712.0
1229431653,14611006.0
1229460419,20019622.0
1229817590,24139098.0
1230316532,39234544.0
1230560682,38219160.0
1230621880,43283908.0
12309827,20815820.0
1231226440,11484143.0
1231697079,39062092.0
1231863231,11081319.0
1232186307,10172454.0
1232310261,42573148.0
1232747090,24093504.0
1233060596,5593610.0
123334209,37894390.0
1233647449,900069.6
1234678578,1992811.1
1234833384,6282203.5
1235576648,22912204.0
1236374724,30104180.0
1237182936,21899076.0
1237264265,33104438.0
1237489984,32656796.0
1237986882,19994950.0
1238101011,26556068.0
1238654489,20935144.0
1239295802,5636688.0
1240184920,5423747.0
1240454739,40648760.0
1240523415,21644928.0
124066139,33065208.0
124328628,23478130.0
1243449859,5264003.0
1243513614,37076380.0
1243704000,8176187.0
1244408534,12469913.0
1244455578,6724756.5
1244480043,41623372.0
124472978,24870522.0
1244975691,18192180.0
1245849000,19408078.0
1245928502,2001373.1
1246132974,21820078.0
1246200476,28647216.0
1246951286,37948530.0
1247221245,7094517.0
12479934,25884740.0
1249055479,10798526.0
1250068289,43926068.0
1250716365,4673381.0
1251107473,21979764.0
1251617657,23295164.0
1251709691,25961216.0
1251949974,14105930.0
1252094896,4959980.5
1252411470,23192934.0
1252611069,31453990.0
1252816216,29107438.0
1253194264,11060499.0
125372216,31531470.0
1254351455,20160946.0
1254516631,3895635.5
125491337,39382920.0
1255059548,18558122.0
1255398321,28071310.0
1256099564,18192092.0
1256445965,19672650.0
1256468646,40902750.0
1256728657,6169889.0
1257383754,35508710.0
1257421212,20031094.0
1257915194,3395795.0
1260137433,14683656.0
1260653598,10825017.0
1261276830,19825452.0
1262162310,19735328.0
126243235,13338951.0
1262638334,14767639.0
126292191,4202840.0
1263184114,24137070.0
1263186436,18237398.0
1263652588,10935335.0
1264252775,40272810.0
1264402606,11475828.0
1264405485,34675148.0
1265147,31433032.0
1265410353,20692370.0
1265787223,21100512.0
1266205757,23683180.0
1266853094,11902788.0
1267527309,30717510.0
1267843838,22181998.0
1268690857,33606972.0
1269542859,22551206.0
1270927994,22313898.0
1271131167,22390552.0
1272815573,132281.16
1273060998,11708955.0
1274209772,36943212.0
1274283106,22652140.0
1274360676,3997885.5
1274887758,23033386.0
1275399938,23944812.0
1275413550,22186764.0
127549365,10865500.0
1276338,26711818.0
127685374,305739.8
1277130036,38716890.0
1277779429,10037815.0
1277997835,5753747.0
1279207185,32043604.0
1279452497,11579293.0
1279922883,30392140.0
1280326574,22337382.0
1281123698,35217436.0
1281132907,27664994.0
1281187412,16739466.0
1281617406,32460674.0
1281716818,1931880.8
1282090367,22938964.0
1282708307,32688326.0
1282984514,47077788.0
1283139706,24395414.0
128322819,8900341.0
1283350450,34016600.0
1283948299,16817912.0
128415011,20226198.0
1284551049,22215032.0
1284692270,22868906.0
128473770,4766235.5
128534378,32957424.0
1285815102,29265492.0
1287137774,2397245.2
1287599105,17126766.0
128760129,4535509.0
1288024296,23114990.0
1288083028,36153830.0
1288164725,623522.9
1288235950,8147065.5
1289291739,34867620.0
1289430353,12738196.0
1289817070,20074168.0
1290135368,38637988.0
129024523,43505770.0
1290851559,48141908.0
1291664322,3845813.8
1291843132,4491565.5
129209722,16047903.0
1292224522,32021456.0
1292953870,20329648.0
1293152996,30079078.0
1293280118,44870844.0
12941029,21378992.0
1294349518,9693352.0
1294404640,28618658.0
1294425641,20864916.0
1294498545,22257808.0
1294967747,36794870.0
1295122573,31668272.0
1296026079,20202906.0
1296158394,29668014.0
1296378285,17377086.0
1296616398,21598836.0
1296705698,14514130.0
1297979214,44745580.0
129821472,42557396.0
1299169709,44348956.0
1299437625,45545844.0
1299619501,34342856.0
1300752555,35546336.0
1301030900,14790032.0
1301700701,34043784.0
1301915877,13606259.0
1302063280,24734234.0
130210548,30133672.0
13022798,38576228.0
1302388192,22477758.0
1302631485,32614224.0
1302863623,23649316.0
1303008801,8973927.0
130333675,31571750.0
1303545427,20093114.0
1304019786,22046042.0
1304076841,13047171.0
1304946705,28986632.0
1305851255,12821709.0
1305945063,18948058.0
1306118272,9405596.0
1306242007,34721310.0
1307673564,13454389.0
1308361192,12244033.0
1308712772,9789667.0
1308811067,27463674.0
1308854999,22865556.0
130896653,24735634.0
1309569449,11592797.0
1309590666,37797884.0
1310168063,30632604.0
131090356,12317412.0
1311553769,11909546.0
1311908023,793491.4
1312106331,34909436.0
1312332530,24391090.0
1312603078,11453663.0
1312731404,41452990.0
1313426874,5866494.0
1314123130,10133593.0
1314512504,24465382.0
1315244095,37642496.0
1315470937,20086044.0
1315982675,34645504.0
1316186762,22981060.0
1316204196,31011582.0
1316609064,10863391.0
1316644727,5074277.0
1317306670,19514416.0
1317882125,19137596.0
1318012271,36720124.0
1318147806,8844681.0
1319168929,26131208.0
1319689782,9505684.0
1320127499,41677456.0
1320635088,23153852.0
1321225096,11328559.0
1321624749,3039411.2
1321696706,38817640.0
1321858818,5518169.0
1322512722,42012676.0
132297482,46972704.0
1323927568,10222642.0
1324100857,9745998.0
1324381186,20690358.0
1325213280,41348010.0
1325850373,5111456.0
1326205055,21791308.0
1327493309,10686667.0
1327774555,6198985.0
1328322443,4178277.2
1328802193,10150651.0
1329023921,35428948.0
1329259932,10946697.0
1329772894,32273814.0
1330314744,4757057.0
1330753679,35225984.0
1331009800,37908430.0
1331215036,21324106.0
1331804527,20628724.0
1332537675,22705350.0
1333013176,12862836.0
1333323193,556689.56
1333513152,43283344.0
1333545021,11121306.0
1333811033,24814320.0
1333992399,32378130.0
1334762914,8461382.0
1335281249,21971814.0
1335443111,5789170.0
1335544887,12529705.0
1335592412,1572303.5
1336360883,2993702.5
1336389594,21445420.0
1336810376,38032216.0
1336932904,7926812.0
1337078502,6702868.0
1337120960,23252946.0
134044657,21409556.0
1340521330,35404830.0
1340593979,38056104.0
1341207041,9943020.0
1341714481,31512504.0
1342868804,34996820.0
1343063973,25188266.0
1343502374,25589954.0
1343567386,23169252.0
1343811983,25895072.0
1344008167,34747788.0
1344448641,27006752.0
1344586253,25528076.0
1344716673,5078799.0
1345065235,36079124.0
1345245728,1026915.75
1345654845,15895263.0
134590404,34262200.0
1346237879,34177336.0
1347503350,8703056.0
1348208306,25619512.0
1349180719,30473252.0
1349669233,21279656.0
1350435525,15662291.0
1350879005,35071164.0
1351186604,24884100.0
1351632859,32600592.0
1351904166,3007171.0
1351961112,23635716.0
1351998743,12113872.0
1352181090,21846934.0
1353473193,9580176.0
1354044881,2737469.0
1355862692,2923876.0
1356007766,3317606.0
1356168880,13740710.0
1356327004,41328812.0
135642091,30127902.0
1356918776,22218258.0
135705762,6787827.0
135816064,14400660.0
1358830044,18973216.0
1358974205,11535401.0
1359002610,34413896.0
1359515169,30012120.0
1360170550,7625155.0
1360300646,23499224.0
1360326854,18102390.0
1360402311,26408436.0
1360466594,20353678.0
1360733521,6889149.5
1361016026,14499230.0
136155089,23808196.0
1362292428,25961608.0
1362716105,12132410.0
1362822131,35262132.0
136297561,19272652.0
1362989536,10243163.0
1363462618,19308950.0
1363565700,23680022.0
1363797837,3045146.5
1364983245,26624958.0
136533490,27062138.0
1365951335,16927666.0
1365998277,12868144.0
1366879861,1580181.6
13669521,34637652.0
1366978345,21262978.0
1367860644,26828464.0
1368305183,22504534.0
1369498051,21252396.0
1369759542,2526682.2
1369958580,40956348.0
1370551843,35441420.0
1370772080,40623970.0
1370908966,46235536.0
1370980885,18071308.0
137125909,16153903.0
1371289079,26643638.0
1371295798,19449660.0
1372148138,23693920.0
1372668436,6913391.0
1372939585,25126480.0
1373056245,1093178.4
1373412871,4245292.5
1373525850,1665041.4
1373993427,12676172.0
1374720335,10114656.0
1375899592,8987124.0
137703328,9647561.0
1377072367,10362438.0
1377245819,28168810.0
1378327367,48054948.0
1378437661,39618790.0
1378554226,20863686.0
1378707340,15807441.0
1379155774,31933290.0
1379169508,26819872.0
1379539742,26922638.0
1379768967,21058000.0
1379824798,13100173.0
1380132238,21358924.0
1380260777,13403469.0
1380303573,131490.06
1380675396,19719174.0
1381448451,14480499.0
1381499723,9555734.0
1381951281,19838246.0
1382153721,1621204.2
1382419218,42984216.0
1383201916,20522722.0
1383490675,4258865.5
1383643471,28881708.0
1383916122,40089704.0
1383943962,23686594.0
1384017339,39471296.0
1384184338,14567375.0
1384490774,5381532.5
1384646559,40378710.0
1385238075,2821378.8
1386193754,34035040.0
1386787318,25830700.0
1386819002,36576144.0
1387075985,30274790.0
1387313935,28306558.0
1387535498,45083932.0
1388113614,31335562.0
1388340073,8362223.0
1388664511,19724370.0
1388805125,28292978.0
138905402,11812121.0
139000518,35491104.0
1390844290,3544311.8
1391972105,10003792.0
1392908532,1865519.4
1393112843,40128756.0
1393113906,39328860.0
1393464846,38787416.0
139364004,41739616.0
1393977864,40858216.0
1394501149,9316534.0
1394944877,16252944.0
1395855517,24749616.0
1397101285,13791343.0
1397632023,5841751.5
1397934669,12515602.0
1398288110,24760232.0
1400163337,8002449.0
1401190092,38036430.0
1401260814,943687.25
1401453180,30724026.0
1401492851,41636190.0
1402110978,12337.88
1402939665,42710516.0
1403784174,17858454.0
1403887773,20021884.0
1404157831,26759310.0
1404653895,36498140.0
1404725415,1387496.9
1404894128,5819107.5
1405352188,13459841.0
1405357357,11507148.0
1406423940,18139624.0
1406712191,29114944.0
1407885779,12392161.0
1408309593,11308828.0
1408309914,23420568.0
1408381258,4199751.5
1408809043,24413950.0
1409034985,20911542.0
140908408,22338174.0
1409352707,8367150.0
1409795448,11261370.0
1409812663,38070516.0
1409819982,17714122.0
1409834623,23078290.0
1410465004,20288714.0
1410469104,26997692.0
1410622800,21310170.0
1411261124,25657394.0
1411320904,17250504.0
1413109088,13355063.0
1414827062,17276836.0
1415551121,13823026.0
1415878840,39738860.0
1415911189,37679456.0
1415947776,18151426.0
1415985021,2310108.0
1416188445,19421568.0
1417213302,35562770.0
1418151207,21898860.0
1418346061,26212372.0
1418743667,11348670.0
1419737241,33608800.0
1420713001,17720692.0
1420849171,31633964.0
1421347320,3796259.0
1421504701,14180285.0
1422080351,30705826.0
1422189334,3508520.2
1422990242,26592436.0
1423045565,26582928.0
1423495308,31056342.0
1424594455,10881196.0
1424878708,36176010.0
1426139538,21242494.0
1426419707,14422695.0
1428366870,36294572.0
1428421503,20401604.0
1428678345,14845340.0
1428779146,36664348.0
1428927390,5702702.0
1429007187,6082204.0
1429282372,40713870.0
142954907,15181565.0
143054339,25417446.0
1430680793,28586830.0
143086312,16874856.0
1430964180,7646109.5
1430990548,20528742.0
1431269886,10243286.0
1431785815,23823596.0
143218394,25894994.0
1432243469,38519250.0
1432892145,43532212.0
1432933730,37085450.0
14329699,26218802.0
1433376354,44272424.0
1433691788,43242010.0
1434403193,378096.28
1434791325,30210016.0
143490047,26258140.0
1435121390,36174828.0
1435328513,21707172.0
1435630017,21904212.0
1436142023,19334656.0
1436482509,6561993.0
1436859218,19823998.0
1438500383,29849446.0
1438829721,4505510.5
1439043900,25698862.0
1439119226,13880292.0
1439182190,3456043.2
1439521782,24128882.0
1439676215,28440996.0
1440669915,14472169.0
1440786471,2328985.5
1440793807,46918080.0
1440936021,8409027.0
1441087922,31545804.0
144171772,23327720.0
1441784238,25674388.0
1441883863,15550288.0
1441922145,11328747.0
1442380919,32266968.0
1442677643,38178708.0
1442757180,28146356.0
1442977400,11476813.0
1443195965,37389596.0
1444787435,26430700.0
1445218225,40277636.0
14464594,788927.5
1446997687,36045900.0
1447365896,39839360.0
1449001100,33978028.0
1449650059,12319457.0
1449737778,18771422.0
1450458672,39390536.0
1451467100,12302225.0
1451735209,34132184.0
1452361658,32097252.0
1452379811,11705820.0
1452861350,35094624.0
145452470,7343234.0
1454539032,45827984.0
1454574812,13155669.0
1454666803,21418460.0
1455018552,15341525.0
1455182484,23739242.0
145520060,35769650.0
1455356970,1747000.1
145715195,42450772.0
1458455285,27343732.0
1458603236,44523800.0
1458936125,42852676.0
1459243003,7558605.0
1459246056,23518612.0
1460070291,37482510.0
1460169620,19745048.0
1460569717,22489984.0
1461203988,23940142.0
1461864942,27697270.0
1462225246,30582756.0
1462703823,44115464.0
1462817998,23110444.0
1463170775,18743154.0
1463760928,36545230.0
1464067272,3034570.8
1464195846,21199130.0
1464514902,20496854.0
1464708932,22199028.0
1465034134,22449192.0
1465451180,42704544.0
1465861460,26068426.0
1466277585,26525876.0
1466336547,10999099.0
146639315,35530876.0
1466475920,22866520.0
1466552052,10593207.0
146707180,3557129.0
1467315489,1114010.9
1467504794,36787076.0
1467774105,6305999.0
1467926978,18218286.0
1468498855,23413326.0
1468756529,4718601.5
1468837100,30517098.0
1469204842,23239366.0
1469397484,28633614.0
1470490836,43179640.0
1471965451,13372671.0
147247985,20456542.0
1472570933,14379023.0
1473178642,18880778.0
1473251410,11927332.0
1473643009,30257170.0
1473837408,29727708.0
1474802,15447545.0
147575332,36267024.0
1476140509,38749430.0
1477932383,42135200.0
1478935003,7605084.0
1478952559,17061102.0
1478980435,34698364.0
1479056032,35515456.0
1479278993,29727386.0
1479662815,6625082.0
147999969,35840904.0
1480015090,21793266.0
148026391,2041113.4
1482745022,38147880.0
1483015352,21981886.0
148410925,5845122.5
1484715800,38689200.0
1485059126,38011068.0
1485202068,33207372.0
1485243196,29796508.0
1486005454,10968787.0
1486161499,32327454.0
1487039870,34589268.0
1487875108,33786412.0
1488207903,23990818.0
1488818130,20585838.0
1488897987,29363476.0
1489045165,40879.223
1489524392,19960970.0
1489736180,22054414.0
1490288364,14784869.0
1490288902,12820108.0
1490625839,28300034.0
1490651570,23484984.0
1490897298,32317874.0
149171657,705964.2
1491755263,4476391.0
1491892661,11564236.0
1492918944,15827798.0
1493463657,24824104.0
1493878265,21910150.0
1494913704,24106344.0
1494979825,15559244.0
1495228614,31068160.0
1496209271,9567506.0
1496403230,23267096.0
1496431582,33257062.0
1496818965,30728450.0
1497112088,34000784.0
1497690655,37471250.0
1497910262,8776396.0
1498112374,15019004.0
1498169227,1591678.8
1498186855,8817967.0
1499101002,29855662.0
1499334485,25957562.0
1499664523,6381561.5
1500504787,34632492.0
150118880,22903176.0
1501373094,21550158.0
1501992544,429377.97
1502235439,13775740.0
1502579060,33959216.0
1502922499,24203332.0
1503406074,9887743.0
1503432444,34140348.0
1504136393,36990076.0
1504335188,12583094.0
1505394276,37866276.0
1507234262,8683493.0
1507486833,22889460.0
1508068557,36410950.0
1508148479,15031134.0
150829925,22424492.0
1508354345,20419074.0
1508472508,35621716.0
1508618122,44256124.0
1508620001,20952052.0
1508977923,16753922.0
150927985,28970708.0
1510354639,22686822.0
1510914490,21305118.0
1510993504,23282428.0
1511322652,36747876.0
1511962884,23142472.0
1512838723,11330497.0
1512850495,36081230.0
151287602,4334253.5
1512952666,9946606.0
1513024405,25306392.0
1513150371,38770930.0
1513205058,22509548.0
1513799265,38447170.0
1514310552,12391363.0
1515153743,14765751.0
1515393570,30990496.0
1515398187,8767672.0
1515410962,11810830.0
1516521442,22573388.0
1516995529,14264184.0
151713753,21214146.0
1517727396,22579884.0
151860794,13435513.0
1518628,25685354.0
1518950329,22426038.0
1520168665,3202595.5
1520337338,35960480.0
1520411749,8441097.0
1520491105,9761838.0
1520792821,44557320.0
1521747050,22439406.0
1522018871,21139038.0
1522299531,28671988.0
1522696687,42715840.0
1523028462,27042642.0
1523056472,23919630.0
1523815176,14552473.0
1523816365,29876146.0
1524065031,45444892.0
1525514359,34251656.0
1525673866,42501110.0
1525718774,19843224.0
1525895247,24799126.0
1526710922,21804816.0
1527135891,20972794.0
1527754900,333472.0
1529987878,17304106.0
15300104,27809250.0
1531401673,35434996.0
1532305303,22910142.0
1532453604,12592063.0
1532574065,23510802.0
1532618037,30789024.0
1533170890,20595556.0
1535753001,3067531.8
1536013291,20744998.0
1536554162,31713718.0
153701520,21747860.0
1537295793,22933694.0
1537612792,6357803.0
1538419481,26895390.0
1538735914,35267556.0
1538838475,18919020.0
1539063785,21008174.0
1539077803,30082844.0
1539121708,40698216.0
1539317937,35895524.0
15394025,12643645.0
1540321364,5128041.0
1541403568,38737628.0
1541594952,44030096.0
154166047,39838384.0
1542174621,15904066.0
1542688402,34217480.0
1542854880,35072320.0
1543187222,3141793.2
1543337964,29528784.0
1544649896,20992372.0
1545376775,1504363.9
1545502551,22565746.0
1545726270,29319482.0
1546030151,38869476.0
1546335052,11961554.0
1546987078,37300476.0
1547132498,28896004.0
1547383980,19014582.0
1548275506,8152513.5
1548384292,46701220.0
1548807993,27524628.0
1549569005,22717466.0
1549752262,16533257.0
1549969321,2733372.5
1550073112,2517264.2
15501420,26896.812
1550321694,23838508.0
1550488966,7064555.0
1551124200,8741479.0
1551955168,38223096.0
1554262431,15050855.0
1555003570,2156558.0
1555358776,36332984.0
155607716,45155500.0
1556749829,30664480.0
1558011585,42209996.0
1558111862,11961980.0
1558388215,2236997.2
1559382509,2173634.8
1560371932,5020940.5
1560596813,461111.12
1560979740,18472184.0
1561964580,6375827.0
1562930353,11018439.0
1563551205,2846046.2
1564077863,23309358.0
1564610733,12025316.0
1564773163,5869875.0
1565659681,25471332.0
1565917267,38975380.0
1566091785,40607308.0
156617626,24795152.0
1567215159,35685284.0
1567240868,16034350.0
1567987915,35101380.0
156923482,9378138.0
1569292827,28613834.0
1569586027,47736390.0
1570294420,19895078.0
1570996551,11850948.0
1571629834,30101808.0
1571989859,42843424.0
1572077556,17364860.0
1572313523,19686960.0
1573265064,25702814.0
1574093529,34911824.0
1574658840,20957288.0
1575193398,12337081.0
1575699398,2595242.2
1575838105,30119590.0
1575878213,10975001.0
1576075401,25738522.0
1576476901,18427940.0
1576583373,25840830.0
1577081676,29209462.0
1577342554,25290832.0
1577749325,23418430.0
1578003606,38309844.0
1578058220,9916890.0
1578211263,40211024.0
1578389721,21467848.0
1580349042,39006.395
1581008259,4335739.5
1581277867,10230550.0
1581661244,2423655.2
1581911837,45196332.0
1582641302,14220904.0
1583049009,546625.8
1583469297,17914534.0
1583575125,13431935.0
1584275682,11840226.0
1584525412,15511973.0
1585175837,3263519.0
158600441,44985850.0
1586020132,30304564.0
1588262518,12730222.0
1588391099,23224906.0
1588680127,34086684.0
1589054049,20875690.0
1589504167,32997324.0
1589536656,12165358.0
1589815086,9981960.0
1589818388,16318429.0
1590107406,25958502.0
1590896438,18279788.0
1591270263,14693249.0
1591896245,10759313.0
1592028463,32215060.0
1592142915,28031436.0
1593073950,37712740.0
1593670014,23564076.0
1594680718,32035552.0
1596032191,42662980.0
1596975846,27761986.0
1597037969,26632500.0
159728104,4677177.5
1597972696,23845616.0
1598413478,19497854.0
1598640111,20442010.0
1599199896,26016620.0
1599535626,9088873.0
1600289088,38477670.0
1600786919,28645130.0
1601182773,11899575.0
1601435645,11161837.0
1602223918,20717370.0
1602905225,4431922.0
160304623,12552351.0
1603564643,1076995.2
1604075745,14873414.0
1604682698,4687902.5
1604827486,1428680.9
1604997608,2246470.2
1605583525,33717412.0
16056728,15322907.0
1606256479,14883209.0
1606735239,16869978.0
1607839214,1212213.9
1608162606,32159528.0
1608936559,37768470.0
1609335109,35960252.0
1609533346,43866770.0
1610679388,8934003.0
1611086980,5861519.0
1611412719,19134918.0
1611903434,14011530.0
1612001071,30289986.0
1612378786,5291474.5
1614449749,25050264.0
1615434918,40609988.0
1615579402,3669294.2
161634165,2837315.0
1617349975,23644820.0
1617513368,38914324.0
1618392128,30565276.0
1618625554,40268636.0
1618925523,31754498.0
1619163114,21603460.0
1619221407,16130780.0
1619860105,38562470.0
1619916038,18081270.0
1620285867,6569820.5
1620428700,9734730.0
1620546331,44631708.0
162074135,7496307.0
1620780544,31680684.0
1621385832,14186835.0
1621723918,36444268.0
1623317210,14175430.0
1623442846,29300148.0
1623956255,2873669.5
1623999136,30798826.0
1624345201,25420224.0
1624372288,15547598.0
162470245,18717910.0
162473826,34324660.0
1624946114,24687282.0
1625034248,23818752.0
162519695,29348136.0
1625745624,33024678.0
1626202772,5667010.5
1626915631,17225954.0
1627335941,40451876.0
1628179902,6876230.5
1628229717,23782468.0
1628413179,12690291.0
1629408654,26020250.0
1629483578,75519.62
1629630320,21572076.0
1629689447,2232630.5
1629811500,8805152.0
1630776219,31430582.0
1631086595,5152138.0
1631468294,19804724.0
1631711806,41785376.0
1632100990,26859432.0
1634285282,28635094.0
1634326347,30189712.0
1634360802,19809076.0
1634424569,23909454.0
1634480723,24306450.0
163451209,44170804.0
163476947,13233290.0
1635784610,30061654.0
1636010620,21415160.0
1636236422,10005258.0
1636839556,28354438.0
1637566181,23337470.0
1639452758,2370662.0
1639567332,1967537.6
1639902716,19761398.0
1640268888,20318870.0
1641830703,11366812.0
1641954963,19017636.0
1643809761,27358438.0
1644590740,8795970.0
1644658450,20200358.0
164485476,23616744.0
1644902098,7665841.5
1645190894,4270514.5
1645642446,21885862.0
1646024876,18985860.0
1646955799,575908.7
164704160,8573466.0
1647300577,21429530.0
1648296438,26606844.0
1648696068,11623188.0
1648788779,12643199.0
1648850145,12795058.0
1648874386,6437672.0
1649389583,29305920.0
1649578950,32457080.0
1649903157,29916178.0
1651389423,18479536.0
1651583380,7011281.0
1651774395,34278040.0
1652980170,37105136.0
1653291955,16805638.0
1654870677,38532120.0
1655275723,22896628.0
1655348994,5088215.0
1655475911,24759386.0
1656259852,26045282.0
1656399146,22825318.0
1656925167,30108116.0
1657320721,22532098.0
1657929016,14841028.0
1657968878,34407870.0
1658078764,33570570.0
1658184508,27052292.0
1658596830,13081843.0
1659335465,20742040.0
1659962584,31619562.0
1660244527,22893336.0
166025874,30140338.0
1660602691,16441497.0
1660661980,42126110.0
1660799803,47240372.0
1661154530,29884480.0
1661430557,39395170.0
1661524777,8245920.0
1661526202,9485731.0
1661638929,21305144.0
1661763697,15580932.0
1662173870,13110196.0
1662268738,38818256.0
1662687419,24660220.0
166359850,4201909.5
1663794609,20789256.0
1664392747,11188473.0
1665260315,21653634.0
1665388352,23233160.0
1665430610,6636013.5
1665520868,35264708.0
1666964510,44112896.0
1667198396,9060426.0
1668010195,36092670.0
1668145206,38024324.0
1670185458,12896777.0
1671252065,39730000.0
1671609576,26085548.0
1672768888,43427510.0
1673268347,28448072.0
1673625048,23591848.0
1674295644,12672888.0
1675650279,21582708.0
1676614556,34987104.0
167710205,14952161.0
16772170,22210264.0
1677283833,16782580.0
1677800417,15319603.0
167894616,21260222.0
1679874568,24480038.0
1680042910,39344276.0
1680431277,29804170.0
168061802,24630916.0
1681004836,5706743.5
1681182451,31356756.0
1681527450,24316692.0
1681633280,30437594.0
1682023828,12122215.0
1682147975,13265224.0
1682484424,40630036.0
1682593981,13145033.0
1683132366,36034508.0
1683302272,11689736.0
1683825449,2672437.0
1684089827,44976310.0
168418573,11849656.0
1684326948,28560336.0
1684933908,18493072.0
1685019931,23157708.0
1685242429,36802044.0
1686360114,12621066.0
1686946930,23561876.0
1687509482,12716001.0
168767737,47513370.0
1689485714,13911466.0
168971389,30318176.0
1690036617,21636518.0
1690103774,10316600.0
1690638243,2944186.8
1691469020,32115406.0
1692142371,27478908.0
1693072720,44687228.0
1693143731,9853670.0
169373282,39061124.0
1693921711,8223491.5
1694030992,6217836.5
1694575431,17994760.0
1695242036,12852995.0
1695279540,10690981.0
1695338074,23451062.0
1695946599,11762549.0
1696258620,22004996.0
1696996524,15966418.0
1697079567,21524882.0
1697222465,11725871.0
1697657827,6235496.5
1697785095,39639720.0
169780169,1952883.0
1698542566,9412986.0
1699141889,12667307.0
1699258551,35576572.0
1699600971,30186372.0
1699815038,35342890.0
1699926293,22381960.0
1699985892,25664202.0
1700066296,15161427.0
1700782638,31748540.0
1701344440,22134702.0
170141525,25210736.0
170304451,11392722.0
170324231,19517864.0
1703389207,7454373.5
1703579897,11190056.0
1703761748,15019572.0
1705645428,31819554.0
1706108287,29684898.0
170636008,13168790.0
1706429174,35196560.0
1706429422,2338128.5
1706528456,28075674.0
1706713696,8542138.0
1706899314,11698840.0
1707876109,11049024.0
1708616629,19081546.0
171128613,20242906.0
1711387065,24550824.0
1711679486,20904584.0
1712287962,24846206.0
1713060234,24554474.0
1713718675,28515384.0
1715044834,18706524.0
1715364070,46960228.0
1715364074,21631252.0
1715443472,13739966.0
1715557437,27704082.0
1715687089,22069216.0
1715793101,1471424.4
1716034916,24345254.0
1716347823,40858452.0
1716526774,21427616.0
1716645489,11847552.0
1716969091,46820324.0
1717221114,13617136.0
171737219,10459487.0
1717415379,4620646.0
1717484811,14171512.0
1717798416,37016160.0
171810378,22255642.0
1719235086,34521730.0
1719245626,5611706.5
1719433737,23087966.0
1719597797,35375864.0
1719726780,23083086.0
1720208457,21666466.0
1720253120,31498880.0
1720293161,36665510.0
1720454415,37907188.0
1720670372,37166640.0
1720735340,21562216.0
172079595,25882454.0
1721503729,22065624.0
172176256,24186228.0
1721991763,25809030.0
1722509757,184604.77
1722759514,12343346.0
1723032775,32507268.0
1723087216,28308724.0
1723127195,37716124.0
1723316358,27980358.0
1723515721,24864392.0
1723732316,18740444.0
1723776969,314185.28
1724289263,2479426.8
1724299406,13230420.0
1726121040,11433636.0
1726323286,21746486.0
1726812579,27008740.0
1727827807,9095011.0
1728660440,16473249.0
1729926080,12070255.0
1731066898,24745546.0
1731714122,34763084.0
1732695189,4325461.5
1733209033,16610301.0
1733596939,19955746.0
1733612481,3837950.5
1733911532,37114896.0
1734295674,47118724.0
1735813288,126450.06
1735819387,6366507.0
173596008,12930683.0
1736527312,44129016.0
1736532886,23786992.0
1736854089,4492669.5
1736887256,10665880.0
173709392,29805130.0
1737668345,32100908.0
1738403576,32554580.0
1738764422,21512874.0
1739802388,22325202.0
1740328011,24976104.0
1740823378,47240076.0
1741209207,24962588.0
1741955384,29039968.0
1743369462,45438856.0
1743489729,40544856.0
1743555255,40792720.0
1743644366,14422603.0
1744142334,21829058.0
174440162,15282261.0
1744568592,34981280.0
1745740570,39543908.0
174632671,41532430.0
1746627122,10033495.0
174665938,41917030.0
1747740263,30928572.0
1747934768,16415697.0
1748740759,20471894.0
1748860795,25619028.0
1748955950,39882050.0
1749512862,29275514.0
1749998093,36204308.0
1750605999,6477369.5
1750651686,25135018.0
1750993698,2342841.5
1751148179,37245136.0
1751474541,19204316.0
1751562628,21645452.0
1751929672,11982621.0
175210054,33666160.0
1752203871,3193317.5
1752478532,12575659.0
1753268302,11752232.0
1754092095,13643370.0
175496162,28526520.0
1755540451,24375134.0
1755887993,19073560.0
1755961125,24987430.0
1756609825,4144024.0
1756765333,9788535.0
175688626,36885390.0
1757430442,13182817.0
1757773372,34687510.0
1757905171,22447168.0
1757957502,20200104.0
1757976565,23174818.0
1758074328,21687246.0
1758611649,24435456.0
1759099392,36395050.0
1759406556,38706344.0
1759818483,39004490.0
1760522040,18403974.0
1760560295,30062522.0
1760782229,23304674.0
1761888205,22434044.0
176208627,36183972.0
1762452214,7086330.5
1762520288,21699118.0
1762800686,10897018.0
1763620369,22971954.0
1763883518,20555624.0
1764135151,25653532.0
1764657278,8898646.0
1765523027,22389100.0
1765653499,36319020.0
176610965,21459074.0
1766443401,27258472.0
1766534340,36985104.0
1767292193,9414310.0
1767607190,3894409.8
1767609008,25974742.0
1768119102,26303584.0
1768985902,13806229.0
1769065012,24187264.0
1769298661,9397594.0
1769476908,32391184.0
1769603534,21843574.0
1769646417,1714511.4
1769799537,22639368.0
1770019322,14820354.0
1770106786,31425158.0
177172682,38447460.0
1772505459,22598350.0
1773683784,32148998.0
1773949014,8244587.0
1774723599,12059105.0
1775136122,233509.42
177550234,38213930.0
1775647481,28414706.0
1775801651,23756358.0
1775813844,14118202.0
1776451314,1033497.44
1776691317,17184946.0
1776713737,13390062.0
1777396091,47880060.0
1779391530,13145995.0
1779689959,19763420.0
1780386598,22613832.0
1781467903,46415456.0
1781550495,11763431.0
1781647655,22468142.0
1781778742,39176076.0
1782053877,39185504.0
1782769219,21301262.0
1783227362,30987654.0
178388505,20608560.0
1783998777,24654732.0
1784654137,856046.75
1785316234,20573648.0
1786190716,38955508.0
1786373879,37443132.0
1786546007,24736868.0
1787166170,255081.3
1788115924,38185424.0
1788257639,6369300.5
1788393935,13086687.0
1788462973,38798720.0
1788475055,31748452.0
1789035596,11589488.0
1789379263,20945462.0
1789674628,7176764.5
1790237967,23133288.0
179172057,23237822.0
1791796685,27415210.0
1791813636,33638810.0
1791845986,38598350.0
1792156909,12417838.0
1792246519,9470707.0
1792578983,31888052.0
179274595,37784576.0
1793124953,4848584.0
1793159751,26282840.0
1793898002,41016570.0
1794463173,9914397.0
1794819627,33852856.0
1794934646,36385588.0
1795292478,14979874.0
1795338519,24396670.0
179557243,23852852.0
1795671462,12542665.0
1795904391,29727076.0
179602059,9772327.0
1796325099,13854368.0
1796633847,12648957.0
1797486117,15695622.0
1797680186,24974972.0
179779377,13883383.0
1798318472,35617884.0
1798616699,13031631.0
1798763550,37719484.0
1799121124,22825776.0
1799317581,5231544.5
1799700929,17054928.0
1800167155,34185384.0
1800755038,10087875.0
1801472008,14561067.0
1802083169,7734496.5
1803024456,20282342.0
1803649716,11301269.0
1804722097,15052635.0
1805163148,10043691.0
180533806,10222105.0
1806062532,8843094.0
1806978810,29299366.0
1807322886,10458534.0
180780074,33091484.0
1808333342,36123030.0
1808636333,19608506.0
1809434679,3380545.0
1809643885,7241248.0
1810181081,41330052.0
181020879,38176216.0
1810569276,15694756.0
1811138058,45038850.0
1811447173,17407338.0
1811597681,22886210.0
1811799403,9084977.0
1812243383,24091872.0
1812530029,28733872.0
18127665,23884204.0
1812973892,12148419.0
1813996452,11738160.0
1814163394,42608356.0
1814395807,25236932.0
1814422403,505084.22
1815679485,11676419.0
1815898226,39854200.0
1816130376,25233196.0
181652593,7069325.0
1816632503,17310412.0
1817132723,20695120.0
1817257889,6317143.5
1818084116,8417883.0
1818783494,22837174.0
1819063548,22371016.0
1819304269,9606507.0
1820656773,23992400.0
1821157338,14764002.0
182217869,1191152.4
1823143377,11925136.0
1824108386,33810400.0
1824522400,24853428.0
1824572000,32197554.0
1824945831,41370490.0
18251110,21988290.0
1825538395,20176442.0
182597807,18672644.0
1826374500,39378956.0
182643837,15717086.0
1826449212,27385108.0
1826501432,33472322.0
1826711868,13056605.0
1828778344,22093454.0
1828920318,24663996.0
1829212447,38427264.0
1829317537,13364765.0
1830620007,10404393.0
1831234213,34612456.0
1831669972,3626062.0
1831684091,3589370.2
1831908817,28687744.0
1832071910,19896666.0
1832091009,23081578.0
1832426496,27060236.0
1833056456,26628580.0
1834871313,43431624.0
1835005464,42210788.0
1835067453,41905348.0
1835099392,9163951.0
1835455190,8693305.0
1835564874,21769024.0
1835654817,4628604.5
1836284955,13794905.0
1836428949,22638620.0
1836595133,23359394.0
1837119233,44058668.0
1838224308,2296516.2
1838686470,4251175.0
1838711796,1972706.1
1839299575,10579173.0
1839726831,4030120.5
1839790504,12752230.0
184072039,3360167.5
1841216352,3500271.0
1841261584,24087176.0
1841507406,14381805.0
1841591861,35879300.0
1842229161,23475704.0
1843093978,11819993.0
1843142280,19914024.0
1843620759,14721950.0
1843632563,8376321.5
1843833141,36638652.0
1844551215,19629340.0
1844739598,12333374.0
1845121712,30021440.0
1845769876,10651520.0
1846684619,20741520.0
1846840995,32988128.0
1847968967,11609258.0
1849119005,165742.02
1849317504,21418656.0
1850082750,48525852.0
1850210479,24448340.0
1850591968,19642180.0
1851032672,34496780.0
1851161121,19429876.0
1851390140,286131.9
1851898052,62888.676
1852767260,23101234.0
1853223684,965860.5
1853276328,41206056.0
1853859222,17290226.0
1854335056,5350436.0
1854574855,19466856.0
1854887250,20177604.0
1855064415,23436436.0
1855661855,20973856.0
185567792,21283946.0
1855826168,7394667.0
1855935175,391477.62
1856167517,8449133.0
1856417656,41796960.0
18571830,34756870.0
1857763337,25976260.0
1858289655,5259255.5
1859064021,17333020.0
1859988202,34254920.0
1860710944,5396446.0
1861285891,2368735.8
1861660050,41615668.0
1862166743,277392.72
1862271399,25093688.0
1862435137,6422315.5
1863453539,6187823.0
1863501017,38649068.0
1863760997,18851408.0
1864620519,38239908.0
18648159,2794823.5
1865504994,3998861.8
1865633574,15255341.0
1865737747,10486576.0
18657417,22070348.0
1865843606,23186176.0
1865913355,46902900.0
1866698002,17789834.0
1867486262,30496584.0
1867686081,8363174.5
1868044102,10051496.0
1868055015,33993956.0
1868929278,22593922.0
1870037465,20153160.0
1870454237,38016110.0
1870701794,13686235.0
1871043808,43778880.0
1871191112,17649454.0
1871968542,30414088.0
1872192743,8583558.0
1872198951,16473693.0
1872225344,65237.277
1872804096,30455700.0
1873270781,3766658.5
1874004596,1938286.1
1875657758,36419268.0
1876671297,22127174.0
1876949337,12730511.0
1878582672,32314856.0
1878733954,23787488.0
1878896337,23359702.0
1878955525,6196720.0
1878970870,20197288.0
1879087982,20792810.0
1879296448,16974912.0
1880040804,18902678.0
1880204801,39104180.0
1880398218,27793314.0
1880583834,37977150.0
1880939208,22144310.0
1881764531,21641254.0
1882712565,29140886.0
188273373,20901056.0
1882911072,35483370.0
1882922899,24101294.0
1883441517,33442908.0
1884723388,24377958.0
1884798253,3877637.5
1884830819,14050048.0
1885439679,5329409.5
1886082746,22293980.0
1886132728,39685804.0
1886518658,37538370.0
1886807659,33015386.0
188702805,17206632.0
1889513659,6117410.0
1890758946,22219918.0
1891060441,10165404.0
1891540960,33968104.0
189170487,2967883.8
1892420880,13246472.0
1892458643,8748239.0
1892613199,22441832.0
1893038040,25683126.0
1893068646,32265092.0
1894753062,1148909.6
1895468753,27769492.0
1896442715,23283968.0
1897667816,39361856.0
1897950727,22763674.0
1898096379,23362756.0
1898489833,23568634.0
1898739617,35999468.0
1899472468,24591838.0
1899800878,12000718.0
1901160328,42589730.0
1901341944,41392984.0
1901451204,25561358.0
1901468420,12782643.0
1901510262,1772682.4
1902781091,595393.44
1903117847,4314130.5
1903754009,5980253.5
1903980729,41496950.0
1904636663,1337633.4
1905116359,31556580.0
1905595447,15107758.0
1905774586,22451156.0
1905853958,36260590.0
1906018481,7757961.5
1906047568,25891342.0
1906128718,4517129.0
1906382584,42371140.0
190677969,24899820.0
1907774691,37957892.0
190780422,35678084.0
1909294870,15281471.0
1909648876,30211048.0
1910060762,41966296.0
1910316118,22054330.0
1914551582,2571208.5
1915120001,22582474.0
19158067,29691038.0
191585691,7139835.0
1916098264,15228504.0
1916256571,1418644.1
1916359061,35663624.0
1916369926,24349374.0
1917116333,41776404.0
1917179195,41525436.0
1917587480,19756550.0
191762753,28407780.0
1918223103,31542924.0
1918985323,8008348.0
1919474054,14185808.0
1919798312,23332774.0
1920366592,35326180.0
1921190791,40309536.0
1921235346,6485775.5
1921309861,12416907.0
192155472,6002901.5
1922746186,325125.53
1922928795,31536022.0
192314279,14781947.0
192366411,30990224.0
1923797563,28205196.0
1924495284,25554418.0
1924743413,31650960.0
1924922539,33458238.0
1925239253,19469134.0
1925624997,36141340.0
1925715598,33748216.0
1926320424,11735141.0
1926480333,34817804.0
1927139239,43028084.0
192728586,22540710.0
192793377,24882002.0
1928407573,48088760.0
1928431667,16932706.0
1929164473,20266724.0
1929846898,26148260.0
19300115,19006068.0
1930072891,23802286.0
1930350882,13561496.0
1930910492,34678364.0
1931003368,34097256.0
1931054738,38812772.0
193133108,38180572.0
1932085211,14374525.0
1932357263,23215124.0
1932507138,33509552.0
1932557349,23223080.0
1933620335,25414450.0
1934275056,19318396.0
1934424239,10005067.0
1934879177,22168482.0
1935350799,40524216.0
1935360274,15057318.0
1935843871,31734044.0
1935868295,22887026.0
1935914168,5934839.0
1936195722,6839573.5
1936300233,38508916.0
1937030026,36650696.0
1937446779,21379558.0
1937507851,40073828.0
1937614327,21198140.0
193843079,33223370.0
1938733247,34802200.0
1938936784,34132956.0
1939361933,28956276.0
1940128942,9622077.0
1940173727,12590413.0
1941149175,31249744.0
1941203214,13745293.0
1941854038,38588068.0
1942313227,8213872.5
1944222041,45043070.0
1944298104,8225314.5
1944510494,25130182.0
1944643290,29810222.0
1944707401,13372487.0
1945751257,5417623.0
1945820116,42430996.0
1945849426,1741000.6
194733581,22949246.0
1947346004,23144098.0
1947956760,32088946.0
1948750016,19095750.0
194876550,21054852.0
1948972482,38796460.0
1949686553,41981420.0
1950701043,8510919.0
1951039615,597485.5
195176937,11937217.0
1952535138,25223004.0
1952582653,31279364.0
1952721373,38168588.0
1952931081,40739024.0
1953138312,31761482.0
1953257627,23687980.0
1953598276,30013774.0
1954821193,3582780.5
1955490899,6508999.0
1955779485,22550340.0
1955898931,26376624.0
1957001722,3295383.8
1958783411,2806424.2
1958975304,42474732.0
1959174388,8728793.0
1959562653,42177450.0
1959656681,3889982.5
1960821874,6053549.5
1960993069,7997853.0
1961015312,20081574.0
1961054869,12154823.0
1961242037,41760836.0
1961478761,33419980.0
1962871620,39982736.0
1964341024,12488384.0
1964644389,35976864.0
1964692006,29277446.0
1965617534,23495426.0
1965958838,15901071.0
1966128483,41647216.0
1966946877,24690034.0
1967058693,15704220.0
1967517664,406919.62
1967519993,22008138.0
1968247852,40121140.0
1968266635,22015512.0
1968452436,12488901.0
1968548956,23480798.0
1968713287,22842366.0
1968875409,40678492.0
1968971812,14814079.0
1969603655,33548628.0
1971078859,8148977.5
1971246791,25267240.0
1971921824,23537000.0
1972142054,42448436.0
1973374818,4743376.0
1974334562,26862084.0
1974801335,41416090.0
1974954382,41888212.0
1975499650,27696610.0
1976221589,26600622.0
1976318031,21940128.0
1976397923,28788844.0
1976411609,1306796.4
1976874664,4178762.2
1976898008,22876082.0
1977710580,17243164.0
1978175507,5404025.5
1978423282,16421321.0
1978782208,38611190.0
1978937101,35307530.0
1979414645,36219324.0
1979433271,21393198.0
1979650817,24520558.0
1980354448,27301516.0
1980852920,9210655.0
1980987289,13028653.0
1981376709,13765222.0
1981786043,25075112.0
1982000617,19579666.0
1982411840,39451470.0
1982481899,37953156.0
1982713983,11375100.0
1982715643,22042440.0
1983225223,24184780.0
1985303186,40864530.0
1985678764,40232050.0
1985693390,38744172.0
198638893,12343154.0
1986575526,24019028.0
198682017,24301054.0
1986989682,1691464.2
1987113732,12485254.0
1987229111,23639430.0
1987249545,38380844.0
198867973,34786316.0
1988880787,42262092.0
1989256535,1478362.5
1989353125,7782720.5
1990182822,32678116.0
1990497735,15301407.0
1990609571,41902030.0
1990820295,18609164.0
1992266152,8866150.0
1993266310,1190385.1
1993943486,24587090.0
1994199906,17869290.0
1994642240,22959504.0
1995347945,18459798.0
1995599794,35935384.0
199582827,3649603.5
1997083621,21924416.0
1997323827,24469918.0
1997580295,974512.5
1997833316,32775600.0
1998334245,12461841.0
1998406927,38250670.0
1998574146,9626483.0
1999069755,4826224.5
1999102785,36494160.0
1999108551,25084556.0
1999394129,32395998.0
2000907542,30642154.0
2001017606,26152436.0
2001460750,9916138.0
200158446,12569652.0
2002669790,18720860.0
2002725107,31032390.0
2003083584,13441450.0
200379470,29436826.0
2003893450,30916214.0
2004361641,26962422.0
2004595262,513929.28
2004651893,14927466.0
2004887431,21797974.0
2004954966,22084482.0
2005353626,22644664.0
2005425916,37072924.0
200552542,27516602.0
2005741062,21057426.0
2005994164,40960090.0
2006751190,13471429.0
2007113614,7828657.0
2007711771,18746296.0
200821018,21397416.0
2008705973,40781896.0
2008784978,10706995.0
2009441891,16200452.0
2010134997,23336630.0
2011752968,22350936.0
2012596362,752849.94
2013016800,17961322.0
2013881454,22196898.0
2016157485,31059042.0
2016386189,13512246.0
2016414965,29688740.0
2016558091,18246566.0
2016646743,15731531.0
2017959345,40455412.0
2018075399,33910030.0
2018282296,28863780.0
2019811608,36227196.0
2020513924,2775801.5
2021536071,2506165.2
2022319185,13580877.0
2022459192,41662276.0
2022788411,13357656.0
2023822472,24376586.0
2024224666,14017873.0
2024244514,29202038.0
2025656749,4854807.0
2025696150,23168496.0
2027287755,21809590.0
2027331652,38933360.0
2027734887,11326636.0
2028882784,25301866.0
2028902471,22349044.0
2029017299,16910196.0
2029088665,30838622.0
2029227684,15921915.0
20299536,11674350.0
2030007913,15462077.0
2030187994,17259566.0
2031010417,24787192.0
2031230651,5262859.5
2031983776,29301206.0
2032023904,20661662.0
2032702391,16526406.0
2032750328,30869694.0
2032937707,30667310.0
2033966709,11678095.0
2035164017,35997964.0
2035757010,27605834.0
2035942736,2109593.0
2036013773,22567920.0
2036127405,10244222.0
2036305444,26477864.0
2036676417,46265.6
2036796483,15799172.0
2037493679,8232913.5
203851739,34268490.0
2038770854,36117828.0
2038968981,15660540.0
2039291759,23451572.0
204024042,36206936.0
2040453791,4622462.0
204093228,1983064.4
2041632201,25786204.0
2041775030,40963532.0
2041930867,20207766.0
204307461,20658864.0
2043659895,37296420.0
2044398089,43720936.0
2044671025,25353380.0
2044757067,21616012.0
2045714087,24751878.0
2045964904,23472620.0
2047074908,27041840.0
2047191062,19624038.0
2047270271,18433184.0
2048021885,25610340.0
2048286171,38057930.0
2048730277,3755727.8
2048913738,7170823.5
2050668718,22372538.0
205084535,20321374.0
2050966683,9597461.0
2051308303,35509330.0
2051518722,3867163.0
2051598941,15797074.0
2051607850,36310.918
2052139341,32437392.0
2052538731,11934143.0
2052946195,33495026.0
2053110098,13802548.0
2053632090,47966570.0
2053812393,20040342.0
20563182,33063968.0
2056671932,21653434.0
2057052426,19762506.0
2057869390,14183699.0
2058123042,17658808.0
2058169074,10099160.0
2059121348,35417690.0
2060217906,14855133.0
2060547770,3105979.2
206114058,15501489.0
2061228835,15165010.0
2061618436,30109390.0
2062250977,24115604.0
2062988165,14822221.0
2063146040,42428076.0
2063861368,11733671.0
2065079405,34027076.0
2065521590,2160622.0
2065597796,33222218.0
2065653890,32509736.0
2066915886,36334530.0
2068030821,19217606.0
2068848666,40339636.0
2069031822,12511934.0
2069090926,33114932.0
2069307715,5785288.5
2069559649,18267674.0
2070104123,8816607.0
2071148695,23132078.0
2071458107,21341700.0
2071870327,16077770.0
2072921427,3525342.0
2073110408,23899628.0
2073538897,21322516.0
2073971579,42730270.0
2074034074,23743238.0
2074392832,18854448.0
2075525081,19785984.0
207595769,21656168.0
2076133881,20270852.0
2076290808,26292968.0
2076549061,44348988.0
2077216136,29856976.0
2077509445,24359368.0
2077949382,21627974.0
2078036577,8988236.0
2078043176,11269749.0
2078428453,9126854.0
20800206,4570175.0
2080279159,28224992.0
2080997818,26894022.0
2082428029,20162042.0
2082914130,31200110.0
2083322756,11128300.0
2083987400,18776788.0
2084403564,15922107.0
2084710025,38425960.0
2085037926,21740158.0
2085313955,19343344.0
2086986037,3407070.0
2087122112,9948312.0
2087128303,25545108.0
2087137021,24075538.0
2087503629,6034589.5
2087820569,43076300.0
208932047,41454456.0
2089427669,17780956.0
2089933825,28089244.0
2089978295,19582532.0
2090283127,33988884.0
2091187701,10946842.0
2092330285,36971670.0
2093148520,43619124.0
2093163016,33593980.0
2093229209,12014757.0
2093261710,15838715.0
209390995,771973.0
209395286,8069489.5
2094532002,18366164.0
2094878137,45202496.0
209605935,25893370.0
2096410643,4573945.5
2096934133,28771712.0
2097363955,1238293.4
2097399815,33082700.0
2097946538,12678897.0
2098049448,31298446.0
2098427799,22908426.0
2098480389,8393933.0
209889369,30309336.0
209903743,26525196.0
2099111512,23956572.0
2099188181,24198886.0
2100672087,10027049.0
2102146521,33222666.0
2102336886,20258232.0
2103302405,37747756.0
2103592881,19366130.0
2103795419,11507168.0
2103910969,4874667.0
2104068675,7128063.5
2104667466,22564838.0
2105035561,46946496.0
2105166580,4872037.0
210552520,16317755.0
2105636637,23929082.0
2106131599,24380254.0
210685172,9490516.0
2106914826,195956.95
2107604690,32314956.0
2108323402,25014400.0
2108839581,14156905.0
2109432804,27048964.0
2109873524,21564394.0
2112104574,1117547.5
2112712671,5697483.0
2112746396,22956400.0
2112945760,38301856.0
2113185923,12126396.0
2113344113,19902578.0
2113400099,21161908.0
2113499371,30420906.0
2114226154,258985.86
2114282803,11143891.0
2115123079,4610231.0
2115485339,7671631.0
2115694605,7335466.5
2117536679,23860970.0
2117869880,12071851.0
2118235342,20007798.0
2118374163,24112672.0
2118470487,38832350.0
211924631,34197476.0
2119734908,32538584.0
2119844876,9533626.0
2119870594,40763410.0
2120208059,25771560.0
2120275547,35603810.0
2120732368,1343921.2
2121286737,25629080.0
2121436684,851941.3
2122113374,18958088.0
2122203860,5660284.0
2123713653,29776500.0
2124051187,8791651.0
2124411076,13209560.0
2124648555,20481544.0
2125347371,24514184.0
2126797141,21058894.0
2127289872,9517089.0
212785561,501621.97
2128229102,29638534.0
2128285437,20736574.0
2128778403,43084816.0
2128830140,6423319.5
2129125521,33173248.0
2129284755,17496244.0
2129502665,3361228.8
2129545217,6699013.5
2129562725,13543111.0
2129875728,22925118.0
2130327925,3964182.8
2130511603,35502384.0
2130587677,15273171.0
213061410,904647.44
2130827916,28320744.0
213110317,24128964.0
2131632162,11467805.0
2131736781,9221765.0
2131754884,38612972.0
2132603129,33506372.0
2133065499,18389162.0
2133358742,22531178.0
2134491125,38782588.0
2134500951,19144252.0
2134667434,11619303.0
2135670166,35800444.0
2136902826,30050836.0
2137958766,14774097.0
2138025511,26004832.0
2138172540,3772460.0
2138795995,29965276.0
2139164953,19933452.0
2139642730,7942593.5
2140183437,22528304.0
2141278333,16433142.0
2141431563,10776853.0
2141440420,9728633.0
2141849100,9036250.0
214212908,23205126.0
2142717124,34659584.0
2142887401,35878308.0
2143419724,4536116.5
2143853751,3388514.8
214459395,24134310.0
2144702563,37719.09
2144912493,37581550.0
2144964899,22530180.0
2146756668,14102339.0
2147116061,41784428.0
215084015,22962862.0
215827094,10447044.0
216243427,36997280.0
216491360,12407921.0
216887177,34915664.0
217105233,22605276.0
217123235,3430935.2
21719361,41729144.0
217449897,41179760.0
217840681,31711770.0
217879036,35293176.0
220032891,30986234.0
2203910,12709073.0
220400107,30916726.0
220695695,23950646.0
220893709,12839478.0
220913104,2829087.8
221368463,38680790.0
221982579,21106338.0
222060785,7304451.5
222306454,28264658.0
222472066,13847377.0
223241301,30696938.0
223301576,40425732.0
224128981,31827864.0
22423732,21971654.0
224330402,43063864.0
224762240,29217032.0
22505344,42365750.0
225068536,285280.5
226040799,41306148.0
226960329,41359504.0
22776154,12049319.0
227954890,35987300.0
228342942,20094534.0
228353829,35652756.0
228376287,27289968.0
228550928,18442940.0
228646509,1241429.9
229396475,22322540.0
230592569,17506646.0
230613655,3337809.2
23134859,14193057.0
2315391,32296990.0
232867375,16308689.0
233011478,27857248.0
233175247,11720686.0
23324947,27621726.0
233825937,8942140.0
234117472,38932424.0
23412637,28190364.0
234411602,5659207.0
234531101,35760564.0
234729512,9705436.0
234895771,31491422.0
234974159,31916834.0
235082246,28106242.0
235483384,40633250.0
235497814,21236804.0
235840868,16874014.0
235864010,8654154.0
23611228,34172228.0
236573262,23122032.0
236801440,24844818.0
236967152,22900372.0
237189175,32853072.0
237387316,556248.4
237608231,33755250.0
238016672,20823654.0
23882918,18840674.0
240793375,29425004.0
2408863,4950671.5
240945407,22146326.0
241071727,21540900.0
241413496,21769560.0
242009939,2375298.8
242192487,14258586.0
242344304,7887595.5
243470829,22766360.0
244093072,34754972.0
244138471,9374637.0
24467319,4842834.5
244948062,9606905.0
244979444,75388.766
246711603,22266112.0
247784329,22194114.0
249926312,35532012.0
249928975,33039438.0
250077972,31670636.0
250300069,9337181.0
251824409,22448908.0
252523521,9385711.0
252893312,25481668.0
254422575,14867123.0
254960267,34724884.0
255113432,421687.9
255883146,30763326.0
255961088,13244742.0
256731405,22373852.0
256736654,34476420.0
256765043,32863634.0
25711491,13070151.0
258814398,16563940.0
258827863,34186360.0
259349361,9979087.0
259846515,14233150.0
260126980,15560182.0
260570557,3258434.5
261094513,21988144.0
26141819,35704890.0
261573176,17753034.0
262324454,1024759.2
262838505,112472.75
262917132,23889842.0
263278760,638007.8
263546562,17075062.0
263859790,13190080.0
265214438,33077068.0
265337500,36714412.0
265526489,7782480.0
265554939,13926577.0
265714807,19207770.0
266335595,39791130.0
266485403,37213576.0
267014689,32471684.0
267743426,25722952.0
268941965,31119232.0
269223097,16307609.0
269624866,21437782.0
269671782,23857232.0
270444899,16918418.0
270781452,35232470.0
272474477,28059716.0
272506822,25393302.0
273038844,44155644.0
273375516,448485.44
273661214,3445408.5
273908871,43874320.0
274647606,32158148.0
274713689,1511700.9
274776941,17992892.0
274826391,1200356.1
275358298,30631444.0
275618587,1988461.5
275739947,24903078.0
275984292,28701242.0
27621672,11715719.0
276265641,22043420.0
276267245,26325238.0
276991251,1556866.4
277199451,26528210.0
277385227,41619304.0
27769346,23986324.0
277861704,31247120.0
278015306,42602668.0
278061079,22271166.0
279382534,3171019.0
279894017,677862.44
280193775,11972521.0
280345016,27033372.0
280707053,15528743.0
281111535,43176200.0
281205785,30279120.0
281243948,22316524.0
281433579,24720062.0
282013529,26943272.0
282541492,1851754.2
283729107,14942201.0
28413620,4205847.5
286172371,22371722.0
286415922,8191378.0
286494201,3352517.8
286601632,30379806.0
287724078,42801890.0
288128790,21739962.0
288944939,48180176.0
289234386,42727780.0
289628352,9574537.0
289697709,23177156.0
290157200,10288535.0
290340906,5460858.5
291111312,37526188.0
291446069,41400230.0
291542588,1499032.2
291612227,35090904.0
291616846,24332566.0
292393964,28066132.0
292863031,23411930.0
293685975,37193476.0
293894974,21694440.0
294414595,21261646.0
294923558,30076794.0
295043967,21732080.0
295724156,17069332.0
296327355,28060250.0
297550742,35815560.0
29808369,12501825.0
298096929,17929696.0
298609604,27181886.0
298652658,47121664.0
299038176,35274580.0
299836298,19885894.0
3007537,4869811.0
301231063,22165562.0
301666308,27827082.0
301977349,13834113.0
303285970,32113174.0
303389997,22959376.0
303874646,23562854.0
304588196,17832288.0
30476840,1861439.6
304854690,15457782.0
305180096,15530512.0
305886798,36516588.0
306421064,19368068.0
307285815,7920482.0
307689319,22288588.0
30847257,36352396.0
308644710,13971763.0
308761228,20494954.0
309547615,995215.75
309754372,3656368.8
309880772,23342198.0
31119116,41763588.0
311733042,17215062.0
312247963,24543810.0
312327371,12971830.0
312413663,14011972.0
312443112,9045604.0
313472646,16288213.0
313491162,27265746.0
313562829,23608512.0
314766557,29825428.0
315324581,38243480.0
315554490,16563970.0
315807955,35791044.0
316354245,8677275.0
316457207,31069824.0
316601415,26136440.0
316910469,40980190.0
317359464,13774247.0
317810213,28046428.0
317947613,19576582.0
318052881,36908330.0
318604031,21816102.0
319435526,34691900.0
319991976,38065064.0
320084593,33272160.0
320558659,30639980.0
320587419,37429420.0
320957201,22650376.0
321286423,727151.5
321771865,28874974.0
321777364,8052135.0
321973122,21182684.0
322554143,2690184.2
322938780,21125726.0
323842041,30404666.0
323942179,21291770.0
323979270,33784750.0
323992484,19992010.0
324061111,19854950.0
324239335,10857677.0
324303112,33503946.0
32463751,2345692.8
325296543,5956103.5
326123474,12362261.0
327774489,32327072.0
328493920,23594376.0
328997536,5157310.0
329519424,20883468.0
329685099,28400422.0
329743676,30149796.0
329869159,42380256.0
330250452,34619576.0
330602652,30854802.0
331139547,23441040.0
331454611,5637523.5
331741347,42740256.0
332130372,7150347.0
332468195,9619133.0
332565096,6716342.0
332705576,438703.75
333634061,39431590.0
334202810,21221066.0
33458659,43776924.0
334815066,27507732.0
334863258,14217104.0
335200296,16937088.0
33548961,24694528.0
335539058,39080444.0
335600897,16888076.0
335774185,29855124.0
335972145,17938172.0
336555884,33169322.0
337181261,20126994.0
338730782,7790964.0
339776778,24665244.0
340085020,21933604.0
341489118,13514896.0
34157657,39201470.0
342144807,29369208.0
342856424,16986202.0
343486461,9453632.0
343506498,23519536.0
343649592,43292668.0
34440633,21759704.0
344926561,22998824.0
345748250,26336636.0
346081225,21092062.0
346208532,30163290.0
346454379,34135820.0
346693929,22339592.0
346695992,14901774.0
34684710,28111084.0
347404314,15146750.0
348525962,21516352.0
348585510,39134376.0
348929335,28501258.0
349115573,38322100.0
349166619,14183477.0
349261050,23722718.0
349276058,23045284.0
349967708,5586017.5
350231097,24927988.0
350576138,39763964.0
350715824,34777596.0
351214678,33880384.0
351226681,14228666.0
351808652,9910736.0
352103509,17635824.0
352245016,10782102.0
352546624,17200498.0
352797040,14513038.0
353149884,31671492.0
353434024,21963732.0
355918102,21049410.0
356409813,42339150.0
3567577,9310190.0
357270099,46074410.0
357935445,23866866.0
360191041,19266532.0
36201396,20383752.0
362281485,20847072.0
362663556,17162116.0
362723541,11368248.0
362944421,40776476.0
363148816,4474747.5
363690026,26601578.0
364057924,22213646.0
364427565,5309189.5
365663806,8624391.0
36579398,30084232.0
36586777,41164704.0
36637286,16019469.0
366672357,4306704.5
366913729,13866902.0
366999300,1241451.0
368165349,17097300.0
368205453,13161101.0
36964980,16258885.0
370342148,39938044.0
37068828,20796590.0
372572496,33619588.0
372572885,24969472.0
373389648,35493996.0
373751754,20368554.0
374003386,14064090.0
374476046,28389196.0
374519418,32448934.0
374744054,42359590.0
375269467,31219980.0
375817573,24857726.0
375866434,39663084.0
376012650,21639198.0
376077674,27675226.0
37623171,487389.56
376259147,31097732.0
37655026,35449700.0
37754737,40394028.0
378272734,15044398.0
378388622,13818630.0
379319711,24302768.0
3798759,25283444.0
380135591,18774852.0
380254855,22024392.0
38030725,35716016.0
38115369,24610502.0
381446562,23673590.0
382475291,5329732.0
38357533,34989140.0
383644444,19226106.0
384021637,77416.055
384028575,23704698.0
384986113,24481392.0
385456736,24222832.0
385652039,5699639.5
385689772,4193023.0
386521399,25347256.0
386524342,32966238.0
387147144,13019201.0
387543160,32936962.0
388327672,15435122.0
388967266,18310750.0
389045124,31717120.0
389063431,4251356.0
389342276,4794951.5
389376749,7857713.5
389641034,45360308.0
389854000,9336634.0
390086278,38806588.0
390431758,17938794.0
390599621,40540600.0
39060284,34168188.0
391398635,33414702.0
391645929,9476377.0
391993993,34334556.0
392695049,34999468.0
394405600,37484204.0
395493750,30451084.0
395941531,34294450.0
396656373,30533500.0
396930221,21131832.0
397475274,13003078.0
397482434,23555332.0
397579350,24179386.0
398498296,25098696.0
39936901,20496924.0
399915385,17210636.0
400068658,10175805.0
400447023,23479526.0
401389867,24476536.0
401597084,38483224.0
402443173,21351106.0
402841891,38139610.0
40296311,17870818.0
403499732,21287912.0
403693338,25830408.0
403813848,9243987.0
404086291,12012278.0
40458284,6287635.5
405968441,12439212.0
405986904,28465582.0
40611218,24277580.0
406419185,34481356.0
407704492,6142129.0
408159122,10930413.0
40875137,38693576.0
408908892,45097224.0
409181649,29029770.0
410286444,38956180.0
410697391,27374824.0
412307598,2669005.0
412582902,37396224.0
412850648,23043292.0
412882013,22905408.0
412897835,1355440.1
413098322,35512604.0
413909098,37848012.0
414725703,32953184.0
41520564,7637087.5
4156040,23413776.0
415819335,170581.98
416387933,30528914.0
416703868,4669165.0
417046737,38307260.0
417438578,37871290.0
41792954,26857100.0
41862029,15527660.0
419064237,21403824.0
41936682,33317912.0
419757001,25077994.0
419997302,14383082.0
420197540,12766407.0
420608058,11699499.0
420662948,21416014.0
420737348,9954152.0
420797031,39163840.0
421414252,25467504.0
42204591,38945800.0
422469488,22637064.0
422598854,35140256.0
422823608,29263728.0
423111522,991967.75
423834908,36598180.0
423958480,22025074.0
424084225,43685816.0
424907762,22691178.0
425874089,3538331.8
426342427,24113902.0
426515905,39134620.0
426734809,14449868.0
426755371,12643061.0
426759182,40699108.0
427233302,3608534.5
427417046,20674636.0
428377508,43791716.0
428449296,38876790.0
428961544,40325220.0
429014193,35075850.0
429876190,891118.25
429922385,32788516.0
430788826,30759642.0
431032607,9594967.0
431246270,23057408.0
432161494,7561403.0
432451034,40971708.0
432604327,17019684.0
432642481,19953704.0
432656055,35069130.0
43266024,8382622.0
432852017,7993618.0
433294823,33713890.0
433726992,35522420.0
434814620,24868584.0
435280771,18688526.0
43542232,42953990.0
435601171,23323882.0
435625792,34738784.0
436194213,21223932.0
437787621,41581700.0
437879623,41835616.0
438037271,44165708.0
438510669,24569080.0
438855463,38540628.0
43945260,25902146.0
43954650,4966256.5
439649548,28879532.0
439840467,15117415.0
440200801,7112908.5
440277079,5581520.5
440622206,24837760.0
440954937,47900344.0
441554153,11163828.0
441985247,31266294.0
442262804,6652007.5
442566919,23394740.0
442785874,19013692.0
442897603,15316335.0
443271898,20094456.0
443729995,8375617.0
443801956,37670624.0
44433671,12253356.0
445030922,15924712.0
445201757,13917450.0
445697187,29206196.0
446325916,26467826.0
446460497,39225190.0
446829845,30646178.0
448582481,45224156.0
448717759,764032.44
449337949,9016868.0
451389400,31038006.0
452872753,15177022.0
452952518,23623486.0
453062780,19556058.0
453279973,11879111.0
454111718,15068757.0
455169519,41483036.0
45549549,23622114.0
455763395,25706682.0
456111247,21348574.0
456530071,32920742.0
456760512,21698636.0
456824286,11104774.0
457158232,39809024.0
457367055,35626384.0
458107283,17596052.0
458245368,44716160.0
458424899,25706816.0
459168625,6742652.5
459297264,34810212.0
459658475,5098194.5
459754479,30737762.0
460246568,33217690.0
460662227,38815156.0
461189195,30033104.0
461654171,11577985.0
46207624,10855346.0
462147439,23015620.0
462215391,18497856.0
462370928,12549595.0
463095681,20758054.0
463951514,19468174.0
464120498,47376730.0
464221746,2748696.5
464739221,20911906.0
465855968,16787540.0
466609082,6537991.0
467241432,38400864.0
467395592,39819876.0
4678581,26336356.0
4681142,9084234.0
468969902,2085919.0
470147329,39337440.0
471089356,2320024.0
471141794,30436928.0
4715803,32017970.0
471640086,12507178.0
471819218,31229264.0
472000372,30576880.0
472001347,16185426.0
473253715,41242468.0
47395179,1138183.6
474717176,17862142.0
475951494,28259886.0
476130416,35868144.0
476418030,9380667.0
477514992,7866039.5
478406019,75811.58
478693808,18512160.0
478819393,20581048.0
478877885,23640266.0
479589429,24807172.0
479924720,42378136.0
47997762,23183972.0
481161756,47693268.0
48241893,32773198.0
482610902,8534671.0
482835279,22496700.0
483544606,1159504.5
483673275,39426696.0
484087591,20673790.0
484209395,5982884.5
484959821,6984016.5
486320003,10852319.0
486521571,31959624.0
486582715,32479710.0
486870854,3782655.8
487089895,7640658.5
487738102,21005396.0
487872948,3168173.2
488216985,30879408.0
488543588,37566736.0
488745954,43993224.0
488957317,14619873.0
489905928,37008410.0
490232104,19435486.0
49077527,40299070.0
491051634,14205132.0
491383272,11585023.0
492124435,38864400.0
492503761,9449369.0
493266452,21901064.0
493626101,35661356.0
493998349,32677396.0
494013095,7942982.5
494508342,19321794.0
496852320,27358520.0
497129673,4405663.5
497424077,12297067.0
497484784,25405124.0
497525599,31618672.0
49764607,1881449.2
497759905,11019352.0
498224359,26726022.0
498658860,23340670.0
498752802,6591644.0
498982970,11606988.0
49898387,43217400.0
499839899,7656859.5
500109209,35021200.0
500619261,2767239.5
501063862,1313394.8
501669783,35818748.0
501996632,23817912.0
502042494,36002212.0
502089322,11269679.0
503302360,21180924.0
503477526,22910664.0
503678585,20718676.0
50414982,20589624.0
504867793,13023939.0
505481041,26976654.0
505679993,30298714.0
505902531,10690743.0
50626604,6264476.0
50639097,13472732.0
506599132,16386409.0
506602503,31301216.0
506634508,25327204.0
50675721,8488326.0
508514016,33516106.0
509054084,8807997.0
510005530,38496096.0
510037710,23301232.0
51014357,47051364.0
510516685,20874360.0
510713059,23408922.0
510866380,27623160.0
511478043,38335684.0
511821311,35432076.0
512063460,21624362.0
512130119,10974999.0
51236360,22852932.0
512972530,6187716.5
513430740,34091068.0
513780549,32887408.0
513902355,11181666.0
514456478,5620547.5
514526218,38955400.0
514626847,8421262.0
515406513,34334710.0
515532915,41131852.0
51662332,441485.12
516673184,21409796.0
516756127,9332582.0
516982827,23849972.0
517152876,4377504.0
517401228,31598002.0
517730920,36943308.0
517805032,3964877.0
51802709,12559931.0
518415586,13876551.0
518535970,22662534.0
518723472,33724920.0
519167897,19947174.0
520592304,42856140.0
520976342,24311584.0
522226172,22166746.0
522488664,42459150.0
522902852,11355919.0
522977276,12046016.0
523381875,11565105.0
523408374,39500744.0
523525047,778183.5
523659898,31023662.0
523714450,283690.62
524129027,10515637.0
524200811,12565104.0
524275101,3388665.2
525293176,35194140.0
52592172,32481362.0
528330142,647300.94
529973044,22386272.0
530078100,9922099.0
530272697,12929999.0
530592602,23461984.0
530798243,8911874.0
531332228,16212257.0
531629727,2138156.5
53165419,19329476.0
533458227,8553210.0
534163204,37135270.0
534535511,8546854.0
53465103,15520997.0
536218024,25158426.0
536690992,28126350.0
536929568,11840200.0
538265610,22687204.0
53852878,5414095.5
539787189,43125890.0
539838991,42730600.0
540365975,46012440.0
540496741,8049816.0
541784221,37770650.0
542877441,9262237.0
543457548,27052252.0
543483467,10059361.0
543698613,6731442.0
543768731,777216.7
544179635,5678281.5
544333987,17116770.0
544483277,32765014.0
544605831,8310696.0
544632513,34702150.0
545287552,22604066.0
545684505,15630216.0
545971139,32517740.0
546046005,29401968.0
546068218,17249436.0
546706268,32424858.0
546880788,3769012.0
547276064,26166568.0
547282680,37420720.0
547501126,16768493.0
547906935,9560139.0
548045535,20728648.0
54815674,44656710.0
548744869,9316843.0
548793982,1745490.5
548838453,41682140.0
549315774,718875.7
549403103,38171120.0
549652957,10182815.0
55019205,37716010.0
55019273,11627137.0
550495054,28962078.0
550744346,27755740.0
551360293,14359932.0
551466129,16063168.0
551902988,23730876.0
552347392,37090204.0
552560301,6710540.0
553100734,30188398.0
553354303,9291641.0
553471497,32951766.0
553671574,41030988.0
553824008,11178171.0
554163653,13380847.0
554459553,26547386.0
554653211,14524962.0
554661866,19525652.0
554860159,9109975.0
554931341,36332224.0
555157400,33083904.0
55588063,6654350.0
556229794,7215892.0
556473951,21151322.0
556524338,1198972.9
556883737,43306660.0
556987550,4379518.5
557603051,42418560.0
557650305,28931690.0
557911268,3672137.5
558686376,20569496.0
559665878,24244172.0
56084141,32004582.0
562203442,23377532.0
562418707,19147096.0
562947494,31747532.0
563673583,7975216.0
564092589,26841786.0
564107532,19332476.0
564131578,20886212.0
56427214,16407786.0
565051023,33147634.0
566389444,11856895.0
566417741,34679436.0
566436879,22804700.0
566778083,35879464.0
567053540,13995904.0
567142088,500379.97
56764818,23409166.0
56766771,34415004.0
56775472,22591580.0
567868974,19646288.0
569685213,32328650.0
569815778,3107838.2
570820154,24842540.0
571834256,4539213.5
572311920,22415120.0
572355332,21446854.0
573510041,25298104.0
573555059,23071286.0
573845877,13371904.0
573908180,39437560.0
574004096,46821520.0
574168104,35457324.0
574210504,38676224.0
574427229,35729356.0
574825022,27302794.0
574932654,22947830.0
575115873,21755900.0
575653367,37838220.0
576176107,21330106.0
577108378,13303456.0
577458725,27562074.0
577671293,12391666.0
577760804,22599866.0
57837937,14092716.0
578822373,30884934.0
578887397,28373748.0
578908805,29399534.0
578942981,21116166.0
580521026,10512976.0
582237775,43091090.0
582984940,38256864.0
58325440,44096376.0
58360843,12514584.0
583804134,9421267.0
584172188,24213710.0
5845522,42590628.0
584681455,33579012.0
584730069,10874628.0
584811769,12076713.0
585000782,9379509.0
58542575,39239860.0
585631329,23460968.0
585632599,30666582.0
585794453,12708518.0
586623109,30783456.0
587942731,37900440.0
589267026,23599054.0
589599653,9278224.0
590127879,19960214.0
59115085,29568756.0
591351810,9376033.0
591724983,24449236.0
591748234,18179470.0
593905769,9574288.0
595300301,24548562.0
595515594,44743076.0
595878150,33290522.0
595948357,23454500.0
596148775,40069140.0
596188072,33874930.0
596712964,9670266.0
596902566,6927609.5
597680020,10469838.0
59899304,8763606.0
599282805,18135838.0
599800605,12741786.0
599844877,30094768.0
600302051,37901428.0
601681799,28478488.0
601783392,30061658.0
602420459,26244620.0
602717089,32136570.0
602991398,16110173.0
603615608,34091624.0
604033615,12487723.0
605820681,18054146.0
606531577,13289100.0
606897760,14682832.0
60696335,2725960.5
607384816,35009090.0
607858573,29972902.0
608124556,1982267.0
608724954,24088592.0
608751541,35982220.0
608829475,121609.32
609026192,23537638.0
609044356,21533672.0
609214480,19630858.0
609563906,33319444.0
610641619,534879.7
610989758,9412704.0
611239718,8841959.0
612314224,34445240.0
612593600,35766640.0
613241822,13383639.0
613508749,39036616.0
613752110,35375616.0
614316191,5704127.5
614616814,26907278.0
615206046,30283668.0
615301903,27754830.0
615355771,2253675.2
615547995,11839107.0
615633777,29527864.0
616723468,27884278.0
617652607,2724951.8
617923095,26434876.0
618661926,4689131.0
619122060,19229470.0
619556777,23273510.0
619870461,26864084.0
62025312,12254878.0
620552705,23463840.0
620920171,21221686.0
621121127,38067696.0
62150658,40055710.0
622215273,2690799.0
62249330,21443054.0
622534980,30998748.0
622762972,21044606.0
622931594,4799913.0
623111625,24751762.0
623652126,12436120.0
624087859,30847660.0
624353796,23803530.0
62449470,699056.2
625189874,19958028.0
625969174,13669386.0
626368590,28367844.0
6264706,28923150.0
62649624,24571318.0
626625043,18011158.0
62680332,35180056.0
627181848,31597790.0
627257095,39300170.0
627565310,18576314.0
627700336,1681497.5
628454490,12768795.0
628595308,6303553.0
629087579,30511764.0
629392637,20312050.0
629603561,43970292.0
629712358,17630534.0
630155463,22523292.0
630365265,45233744.0
630603397,22180708.0
630735577,32412896.0
630770738,30210048.0
630924783,26361796.0
631558003,12825374.0
631674627,7000498.5
632722753,20056904.0
633082676,982448.94
633481803,4701597.0
633631994,785997.0
633784100,38265856.0
634523826,24713770.0
635521882,41097452.0
635528537,42279210.0
63625893,9241688.0
636475356,20304292.0
636553487,19476384.0
636930408,7254019.5
63713889,23512304.0
637521781,10071723.0
637628564,29757646.0
638038695,14334092.0
638074752,13946063.0
638139304,7152332.5
639591303,1363137.5
640694638,11299140.0
64078325,14241128.0
641814576,17950228.0
642130489,28524618.0
64239667,30641138.0
642484761,31364054.0
643786076,1595334.5
645040161,23762182.0
645087638,9272530.0
645328235,24603718.0
645444373,30424018.0
645671888,25099666.0
645838636,467105.88
645908571,26907032.0
646558712,26427470.0
64688467,40278370.0
647024555,27034832.0
647125580,5700652.0
64718208,8987578.0
647817778,33355930.0
647855417,19106566.0
648116109,10755973.0
648918009,19284244.0
649050287,16432251.0
649359794,11563973.0
649890237,18365438.0
650343092,7217684.0
650538604,30550004.0
650575577,42629610.0
652057453,17575412.0
652565763,21435152.0
652628649,27451984.0
652851832,11680890.0
653042301,39736188.0
654182047,31025866.0
654343877,35112600.0
654641645,10157706.0
654661122,41254896.0
654754244,8828124.0
654861205,24293038.0
655588446,8181870.5
656090846,14374040.0
656151121,9274932.0
656802324,2258818.5
657647407,26053910.0
657962665,5728979.0
658287641,23044262.0
658418373,39622852.0
658732421,844581.56
659908215,21506310.0
659974298,24750158.0
660469822,8728266.0
661609404,31825698.0
662470811,13149361.0
662564439,15294668.0
663008510,20065454.0
663119991,39113132.0
663386022,411613.88
663896230,41122570.0
663953997,20139288.0
664150852,5868934.5
665110856,11158699.0
665191803,9301041.0
66540021,1512417.8
666003173,33209688.0
666071145,9705310.0
666560196,38500476.0
667329580,6059441.5
667807861,24502298.0
667896452,30664940.0
668002212,25419382.0
668282209,23898774.0
668710324,35205690.0
669244038,26235470.0
669255765,39179944.0
670451944,22681190.0
670924965,23353616.0
670969173,18326762.0
671457789,14125074.0
67196281,38577000.0
672023531,24131880.0
672124057,7549627.0
673681161,22433734.0
673841258,11905862.0
674223398,36677396.0
675716636,11169300.0
676142711,23731848.0
676332356,9886579.0
676850952,36631600.0
677651207,1212728.2
677885113,1372810.8
679397320,26508468.0
679554844,12198640.0
680542659,28482110.0
681152428,19107354.0
681200816,35662050.0
681324940,28944606.0
681511767,41839330.0
682683076,55124.04
683424785,16317239.0
683551593,29798828.0
683768234,12153668.0
683879344,9084064.0
683989852,25326162.0
684010120,40724304.0
684020600,22808324.0
684469652,32160450.0
684712590,1652744.0
684803248,5017441.0
68507484,8049616.0
685113838,36531944.0
685291199,23779960.0
685305515,42664304.0
685365013,34360576.0
685792884,37973772.0
686556182,2909186.5
686802498,5187136.0
686840603,37906916.0
687472966,9947137.0
687964863,5913808.0
688177785,9388466.0
688371201,40270390.0
689039573,45558100.0
689570995,40225910.0
690163261,22803222.0
690465699,15750789.0
690611196,34183428.0
690788144,25576332.0
691454351,21157460.0
691956587,42161700.0
692031456,7709592.5
692055083,29814914.0
692437917,22840506.0
692475879,1719664.5
692818572,41500724.0
69340475,33235480.0
695985603,40802556.0
696048028,19350662.0
696878760,30932428.0
697051886,816173.06
69758142,19450382.0
698018079,8171879.0
698221446,42918380.0
698539075,39396988.0
698710925,11866750.0
69930205,33682100.0
69983594,22181806.0
700130351,4545783.5
700498343,14497665.0
700953960,14893706.0
701732286,11960124.0
701867640,21423196.0
701977902,28008856.0
702792843,21820306.0
704203472,18300718.0
70454644,5520018.5
704612545,33863188.0
704851249,16129912.0
704948028,22924126.0
705850276,2941198.0
70586576,35130428.0
706971403,28564902.0
707012477,4160238.8
707321092,39298644.0
707967979,17060460.0
708384139,21710988.0
708425371,26629520.0
709856184,27379236.0
709926665,5366467.0
710964913,886472.1
711484554,39640096.0
711758346,2019010.6
71197390,31728312.0
712621244,12573001.0
712931491,2496213.2
713037828,21878604.0
714014061,18866694.0
714218237,29894704.0
714228398,6127220.5
714397715,5158340.5
714616022,32852588.0
714760495,21533782.0
715086740,891204.56
715420249,5459012.5
715591111,12954669.0
715655400,31425746.0
716158796,39302684.0
716259753,19952252.0
717552117,36473720.0
718387907,41618400.0
719635672,37819290.0
719728645,4606217.0
720150100,35110540.0
720184293,18707954.0
720873116,16551858.0
721288359,25787136.0
721851220,13706049.0
722341479,30235912.0
722489973,31541972.0
722660830,25021446.0
723248368,22284594.0
723987532,46947396.0
724012214,479928.72
724035983,36524388.0
724278076,36366268.0
724696480,4794402.5
724750596,31601048.0
72475532,26578412.0
724991886,5179571.5
72552013,25535404.0
726822977,18447894.0
726824600,5656074.5
726943670,37694160.0
727060279,8319493.5
727331270,14047416.0
72772798,30909398.0
728175955,22619760.0
728264963,8973086.0
728516110,29719158.0
728533186,14295441.0
728624770,8908194.0
730145244,17097824.0
730534922,21632702.0
730785442,38338932.0
730798238,38085732.0
731792366,14403852.0
732183753,24187758.0
732279526,20863180.0
732966999,10986652.0
733406971,28685978.0
733432976,14824146.0
733592106,15369655.0
733612060,20612148.0
733747579,38058010.0
733964800,12709417.0
734576042,39620680.0
735446843,29738976.0
735643668,19031686.0
736340254,24872290.0
737499853,47999396.0
737634444,8069582.0
737865157,23556672.0
737911371,6380070.5
738420035,30767704.0
738541210,704632.6
738828742,32653750.0
738831382,9985030.0
738981862,20157560.0
739032019,23604960.0
739056634,19613178.0
739152196,32448152.0
739166321,979117.75
739177337,24473784.0
739433136,10299789.0
739921517,38722750.0
740159625,12676426.0
740333059,18651044.0
740873186,24444464.0
74205498,21568476.0
742112668,35730028.0
743212389,18231006.0
743750398,43121024.0
743780663,37903490.0
743967179,35477510.0
744248278,8603654.0
744429124,1498216.0
74446418,200091.89
744672527,36949172.0
745584428,36180800.0
745833075,20396360.0
746463163,34832336.0
746610732,14784380.0
746709172,19257868.0
746808252,13244751.0
747006133,11680331.0
747151025,6973213.0
748317851,20779326.0
749864100,24452360.0
750436950,24129306.0
75096270,30020614.0
751220642,27703950.0
751564815,32133628.0
751660661,6322529.5
753167235,9041082.0
753479292,22710462.0
75464333,12510420.0
754671748,6008444.5
755399254,38566240.0
757210736,38489736.0
757229442,5082933.5
757249530,4119006.5
758998850,15378218.0
759238783,39618324.0
75963900,11837527.0
760818742,42754816.0
761245986,21196694.0
762057975,2240202.8
762138217,25510370.0
762441093,1612408.4
762469354,44427260.0
76248049,10009593.0
762501976,31821080.0
762802287,10750638.0
763399656,45979830.0
763412178,5749470.5
764592471,39654668.0
765116390,36175476.0
765173266,3468137.0
765224352,35468108.0
765388699,8557760.0
765687413,13062097.0
766124910,29784916.0
766202079,20506460.0
766337533,29315578.0
766739031,20616008.0
767529410,8238210.5
767647284,40033504.0
768744818,32155478.0
769004776,30490674.0
769353991,26936608.0
769421932,24786820.0
769716639,25374696.0
76993562,4588239.5
769998386,16772666.0
770206605,46517790.0
770234713,13104189.0
770323981,34591884.0
770677681,25127910.0
770729323,10647954.0
771072361,7840515.0
771136745,28021250.0
771430463,16291129.0
772100527,24558322.0
772270326,10221213.0
772722335,31132220.0
773069438,23620038.0
773264874,8511680.0
773697018,5709348.5
775397964,21636716.0
77595713,371905.34
776266493,40675732.0
776350546,6260220.5
777658980,13617784.0
77798017,22585956.0
77854924,12565456.0
779616322,6774331.0
779657796,8464342.0
780886026,46286436.0
782147700,21381576.0
782265140,41378336.0
782387760,12060775.0
782520545,5377201.0
782828747,33231872.0
782907536,34851090.0
783881111,41259564.0
784075537,43396096.0
784274474,20604932.0
784363033,1621079.1
784562384,12408701.0
785130595,22085930.0
785495361,23226974.0
786352679,33241884.0
786584481,21799268.0
786626858,38872124.0
78691384,30496846.0
786985123,35636492.0
786987780,29903450.0
7873707,21457124.0
787991914,18678928.0
788425745,28308654.0
788570512,29506294.0
788841127,26947450.0
788996498,36165144.0
789035510,31608558.0
789231829,32278400.0
789418909,13468595.0
789491002,23356522.0
789558666,13400928.0
789985701,23221634.0
790080592,26021940.0
790154837,6627520.5
790990371,36361296.0
791154774,35737444.0
791294581,33060108.0
791309697,19542966.0
792226008,22188170.0
79229424,31155020.0
792358249,22594752.0
792431423,41048390.0
792482742,40367856.0
793266230,43179816.0
793689486,22909122.0
794549235,13204761.0
795021119,19557666.0
795060635,38353096.0
795173140,39904390.0
795714457,19531758.0
795720720,17861954.0
795919811,36665564.0
796327850,1790343.9
796691823,29296302.0
7974921,32102508.0
797565206,26975508.0
797705280,24526268.0
79788076,22690416.0
798471705,21966664.0
798788267,32667824.0
799724217,37828910.0
800033622,21924006.0
800146175,246024.2
800663307,25266194.0
80128958,25211126.0
80182473,30936536.0
802013794,29487494.0
802516447,7669726.0
803075067,32093388.0
803248171,22813912.0
803313602,35310880.0
803452652,22799122.0
803565075,36244760.0
803684433,40480620.0
803694340,20794852.0
804423051,4115623.2
804510450,47589976.0
804726806,40162390.0
804757084,24667256.0
804816280,14656512.0
80520828,13728864.0
805800861,16786310.0
806115854,22503326.0
806195511,40044124.0
806952878,31806444.0
80878937,25496962.0
809229362,13702709.0
809794116,29121108.0
810606105,8930845.0
81077420,21563266.0
811936110,11624756.0
812431634,7368966.0
812504494,22839532.0
813456354,23317780.0
813770110,30718538.0
814532752,6495869.0
816469330,29952758.0
817368728,12728449.0
817419663,17299386.0
818745135,22616706.0
81919033,32099310.0
82002379,32878692.0
820556746,2448816.5
82083822,38031050.0
821432920,27563702.0
823304341,25082428.0
82393996,36084676.0
824171365,22174676.0
825473294,48098650.0
825599858,23519396.0
82598279,30005954.0
826404997,30933292.0
826873394,31979728.0
826960749,43105532.0
827256751,12653743.0
82780278,27860342.0
828055854,14485677.0
828410838,44098456.0
829021178,29971116.0
829203170,25618190.0
829242110,12907568.0
829372910,37882700.0
830225602,38717370.0
830585035,30228534.0
830766852,10439930.0
831197278,22654896.0
831582761,12025098.0
831662462,23286908.0
831790523,16280020.0
832114783,22750736.0
832200317,14568424.0
832898657,9829390.0
832906312,9287809.0
832911243,37902756.0
833277203,22810752.0
833533222,8326563.5
833566638,46669830.0
833791466,22636684.0
834080153,29495750.0
835761629,32994508.0
836037627,23164944.0
836120132,18160124.0
83637460,36113470.0
836695247,29258974.0
837714708,11249829.0
837799456,23340656.0
838534055,22092500.0
838665652,20160346.0
839159048,26839000.0
839379496,3363992.5
839626541,13723569.0
840111436,7350681.5
840597788,24420918.0
840893892,21324468.0
841139927,8740077.0
841404878,30734926.0
841601279,36119620.0
841881642,626761.56
841977836,25057960.0
842068125,15704704.0
842952211,42657596.0
843087972,3560106.8
843609477,2070861.8
843661980,1136557.1
845745237,15223739.0
845771247,14214588.0
846589870,12633588.0
846744181,35676572.0
847443692,42498250.0
848095710,20569734.0
848387591,10925539.0
849013877,45224636.0
84914004,34973720.0
849612848,19967008.0
850248956,22493574.0
850332425,17586542.0
850397684,18352950.0
850487530,3712851.2
851112541,19413876.0
851449262,5599771.0
852811658,33409810.0
852999346,5201582.0
853074699,35622276.0
853135326,14433565.0
853592921,24808376.0
853693902,40311.54
854148244,27517312.0
854805424,15188487.0
855376433,38643276.0
85572606,37578036.0
855797438,28547572.0
856432538,7696025.5
856548783,55584.293
858346123,38466564.0
858369576,15564199.0
85896253,1584404.9
858996605,28148506.0
859056629,25436750.0
860153809,5173771.0
860288,5364430.5
860384929,30012034.0
861038294,45293150.0
861733112,35162.41
861774531,24285106.0
86227930,4685229.5
862650959,9368806.0
862803892,17084020.0
862820025,45630948.0
863759909,30029610.0
864108688,24893612.0
86469776,34752430.0
865103237,20740370.0
865105594,31903688.0
865454576,35089224.0
866152378,8974057.0
86715791,33243108.0
867348527,34525820.0
867963258,18548094.0
868098168,13673018.0
86876337,34925696.0
868971202,21661370.0
869012352,4880946.5
869834621,32658286.0
871041901,4188587.2
87150975,17672300.0
871669460,39912464.0
871806722,367193.78
872010061,24199280.0
872439550,23215242.0
872670757,30548868.0
873475199,34490404.0
873833771,18696946.0
874026157,1320303.1
874290922,26491832.0
874843071,6985321.5
875009741,25141984.0
875149448,931808.3
87667667,31851758.0
876859747,2146347.8
877657218,19661268.0
878567731,23758852.0
879018791,34416080.0
879206669,34266812.0
879769410,16895748.0
879890546,2802467.5
880035963,36062.78
88044166,21707522.0
880732047,29904820.0
881688715,34324984.0
882513839,27599382.0
883117492,33547670.0
883647784,15280551.0
884063619,38883828.0
885485944,24126404.0
886269961,9203331.0
886429485,1452795.2
887141332,26144792.0
887196696,38627420.0
887534478,13316500.0
887950088,48351560.0
888038952,24095824.0
888160053,35117176.0
888261646,28672396.0
888587347,22885992.0
888807075,18571388.0
889325006,24892858.0
8898882,38976110.0
89137752,18324640.0
892360563,15531850.0
892510845,21573130.0
892611192,26903710.0
893068464,20717260.0
893832586,23735068.0
89401161,37256496.0
894222453,35505136.0
894451685,21269124.0
894546161,27882642.0
894657888,16301419.0
894894205,43939010.0
895097268,14525251.0
895223493,12949540.0
895330083,21384724.0
895873357,21017398.0
896964180,3648187.5
897209255,28890032.0
897392908,23313732.0
898658420,32049238.0
898737455,11291185.0
898958179,17169358.0
899236930,17008670.0
900589615,23477450.0
901530176,31335904.0
902806546,23168716.0
903980536,38179144.0
903995114,6679844.0
904100228,16032955.0
904171255,19592358.0
904186687,36195780.0
904364008,45607910.0
90519942,31241478.0
905552224,31988980.0
905796118,43728520.0
907406308,5638929.0
907551613,28381326.0
907590804,28904866.0
907622973,5797895.5
907638397,10518527.0
908386394,20177562.0
908891261,36885640.0
909234048,675931.8
909329074,22883938.0
909523960,24183566.0
909558361,24059042.0
909893398,33889468.0
910761862,23062262.0
910991764,6767759.0
911096051,4563619.0
911674118,8189714.5
912022606,27088412.0
912650492,36371556.0
913422950,12355412.0
914253765,35553496.0
914332630,751043.5
915222064,8510256.0
916318522,32972854.0
916486479,47573764.0
9165248,37254332.0
916642023,34255920.0
916716032,36668096.0
917809446,7227515.5
91840882,19086542.0
918796208,22903574.0
919097664,9306975.0
919268766,13469063.0
919286913,3127675.5
919396024,25374696.0
920228282,13535165.0
920981063,32146450.0
92101527,16080981.0
921049132,45174970.0
921110033,15288499.0
921604428,31216382.0
92161345,11065989.0
921680490,36439884.0
922141654,15317885.0
922470018,30961890.0
922559540,17281334.0
923552496,36326828.0
924864353,4653775.0
924930242,35437012.0
925284393,30681218.0
925330007,39858036.0
9257549,31552442.0
92595112,15035968.0
926132572,26540226.0
927335779,10354704.0
928108227,20371600.0
928575366,22492274.0
929039412,38906620.0
929146984,25419616.0
929460995,47998124.0
929686027,8950434.0
92969561,7297065.5
930407677,16250667.0
931169027,34303596.0
93130501,22733472.0
931996112,6083520.5
932111221,225256.19
932220519,24550464.0
932704587,32272352.0
933014297,13225551.0
933447260,20938488.0
933459350,7490695.0
934253327,22942242.0
934683322,36590100.0
935317037,20956480.0
935633255,45351588.0
935947562,13170429.0
935979331,25952782.0
936112261,41172110.0
936156342,11412204.0
93645337,22942016.0
936606331,9664786.0
937159886,26559602.0
937339161,7279839.0
938314546,37931748.0
938703974,19675628.0
938790217,21237804.0
938925165,30710630.0
939059785,19975982.0
939271591,21438888.0
939371377,42285396.0
939884834,21121904.0
941679734,30445196.0
941881769,37534336.0
941956643,9384811.0
942573033,30364210.0
943146683,28591190.0
94316167,33469890.0
943211267,9351660.0
944197169,1346406.9
945792830,10255970.0
94610879,33296368.0
946277816,24908270.0
946870404,26970364.0
947537520,31725116.0
948018719,15258771.0
948098907,26450082.0
949824611,18892518.0
949966037,8209424.0
950058375,43127824.0
950555280,4355122.0
950943018,23177044.0
951055471,31838716.0
951925053,29660182.0
951925169,22545020.0
952853969,22357756.0
952890580,25509604.0
953184598,15437724.0
954107373,20153462.0
954192065,44500760.0
954642155,28241622.0
954693127,33384358.0
954980699,20917030.0
955142815,14857372.0
955629874,22436342.0
955783283,3342291.8
956090756,48819096.0
956150342,23225942.0
956399703,23938336.0
956485344,31362678.0
956740065,35335148.0
957159587,21843706.0
957392789,23518140.0
957895748,12387159.0
958645405,1085438.8
958742619,9461472.0
958884312,4317584.0
959362719,20140300.0
959540478,25907170.0
959565650,2687388.0
961444972,43364012.0
961467028,15917860.0
962930883,15664583.0
96326337,19121794.0
963700576,1203765.2
963879097,41425520.0
964743728,22618510.0
965465651,35798020.0
965477863,32687750.0
96603778,22369098.0
966319983,24155612.0
967143426,11947507.0
967209543,23053834.0
967707155,21661698.0
968166472,14552412.0
968459472,12523643.0
96932117,36826944.0
970349147,15390342.0
970365099,14513382.0
971384298,14374139.0
971806068,11595926.0
972026793,29263780.0
972612114,37334910.0
972707061,35530252.0
972862949,41239580.0
972880937,9695448.0
974071693,12790608.0
974803775,26297568.0
975227813,5743662.0
97549718,35843508.0
975765676,37531590.0
976096225,21308806.0
977019835,942179.75
977069879,22486192.0
978068035,34472444.0
97827749,22173202.0
979002486,32033180.0
979909839,26401142.0
980327411,27017212.0
980434852,14227729.0
980673729,16259847.0
980720229,36779300.0
981231524,24027020.0
982502730,33158796.0
983288274,13101576.0
983938571,22669392.0
984514246,23544972.0
984566771,8653107.0
984750747,13528321.0
984887289,3065772.2
985538416,34203610.0
985937437,11656845.0
986016887,39094070.0
987007987,30080050.0
98762415,46849144.0
989089141,20640026.0
989199033,32726112.0
989224901,9147111.0
989371228,38405760.0
989967752,28691550.0
990500059,37999268.0
990683783,39764340.0
991269912,13540542.0
991366096,15843251.0
991653568,18237130.0
991785030,15438214.0
992399759,7948246.5
99245495,10047196.0
992606804,17669760.0
993635540,21284710.0
993854483,2570136.8
994270189,15800694.0
994432064,39324876.0
995198002,495603.78
995552581,27532828.0
996465465,38404510.0
996644458,32760518.0
996704281,28657028.0
997630809,15879942.0
998072137,423676.8
998136924,41066560.0
99975682,31919064.0
